Plot,Sub_Plot,Tree_Tag,X_Coordinate,Y_Coordinate,Local_Name,Genus,Species,DBH_inch,DBH_cm,POM_m,Height_m,North,East,Elevation_m
1,1,8999,0.8,2,Lunbo,Buchananaia,cochinchinensis,6,15.2,1.3,6,"20° 53' 0.33"" N","95° 13' 0.56"" E",363.52
1,1,9000,1,1.7,Tei,Diospyros,burmanica,4,10.2,1.3,6,"20° 53' 0.33"" N","95° 13' 0.56"" E",363.52
1,1,8998,3.2,2.5,Tei,Diospyros,burmanica,4.8,12.2,1.3,7,"20° 53' 0.33"" N","95° 13' 0.56"" E",363.52
1,2,8997,3,3.9,Ingyin,Shorea,siamensis,14.3,36.3,1.3,12,"20° 53' 0.33"" N","95° 13' 0.56"" E",363.52
1,3,NA,NA,NA,NA,NA,NA,NA,NA,NA,NA,"20° 53' 0.33"" N","95° 13' 0.56"" E",363.52
1,4,8996,4.8,2.1,Yindike,Dalvergia,cultiata,6.9,17.5,1.3,6.7,"20° 53' 0.33"" N","95° 13' 0.56"" E",363.52
1,5,8995,2.4,1.8,Tei,Diospyros,burmanica,4,10.2,1.3,8,"20° 53' 0.33"" N","95° 13' 0.56"" E",363.52
1,6,8994,1.5,2.2,Tei,Diospyros,burmanica,4,10.2,1.3,5.1,"20° 53' 0.33"" N","95° 13' 0.56"" E",363.52
1,6,8993,3,4,Tei,Diospyros,burmanica,4.9,12.4,1.3,6,"20° 53' 0.33"" N","95° 13' 0.56"" E",363.52
1,7,8992,1.6,0.5,Ingyin,Shorea,siamensis,4.2,10.7,1.3,5.7,"20° 53' 0.33"" N","95° 13' 0.56"" E",363.52
1,8,8989,4.4,0.8,Ingyin,Shorea,siamensis,8.3,21.1,1.3,10,"20° 53' 0.33"" N","95° 13' 0.56"" E",363.52
1,8,8991,1.3,0.2,Yindike,Dalvergia,cultiata,4.1,10.4,1.3,8,"20° 53' 0.33"" N","95° 13' 0.56"" E",363.52
1,8,8990,2.5,4.8,Yindike,Dalvergia,cultiata,15.2,38.6,1.3,11,"20° 53' 0.33"" N","95° 13' 0.56"" E",363.52
1,9,8988,1,1,Lunbo,Buchananaia,cochinchinensis,6.4,16.3,1.3,7,"20° 53' 0.33"" N","95° 13' 0.56"" E",363.52
1,9,8987,4.2,4.5,Tei,Diospyros,burmanica,7.9,20.1,1.3,9.6,"20° 53' 0.33"" N","95° 13' 0.56"" E",363.52
1,10,8986,0.4,4.3,Tei,Diospyros,burmanica,5.6,14.2,1.3,6,"20° 53' 0.33"" N","95° 13' 0.56"" E",363.52
1,10,8985,3.8,4,Yindike,Dalvergia,cultiata,6.1,15.5,1.3,13,"20° 53' 0.33"" N","95° 13' 0.56"" E",363.52
1,10,8984,3.8,4,Yindike,Dalvergia,cultiata,4.1,10.4,1.3,5.9,"20° 53' 0.33"" N","95° 13' 0.56"" E",363.52
1,10,8983,3.8,4.8,Yindike,Dalvergia,cultiata,5.9,15,1.3,4.2,"20° 53' 0.33"" N","95° 13' 0.56"" E",363.52
1,11,8981,8,4.3,Htaukyant,Terminalia,crenulata,5.3,13.5,1.3,9,"20° 53' 0.33"" N","95° 13' 0.56"" E",363.52
1,11,8982,1.3,1.3,Ingyin,Shorea,siamensis,6.4,16.3,1.3,11.3,"20° 53' 0.33"" N","95° 13' 0.56"" E",363.52
1,11,8980,2.7,4.2,Ingyin,Shorea,siamensis,4.6,11.7,1.3,5.4,"20° 53' 0.33"" N","95° 13' 0.56"" E",363.52
1,11,8979,2.8,4.3,Ingyin,Shorea,siamensis,9.3,23.6,1.3,12,"20° 53' 0.33"" N","95° 13' 0.56"" E",363.52
1,12,NA,NA,NA,NA,NA,NA,NA,NA,NA,NA,"20° 53' 0.33"" N","95° 13' 0.56"" E",363.52
1,13,8978,4.99,2.7,Tei,Diospyros,burmanica,4.6,11.7,1.3,7,"20° 53' 0.33"" N","95° 13' 0.56"" E",363.52
1,13,8977,4.2,1.8,Than ,Terminalia,oliveri,6.1,15.5,1.3,6,"20° 53' 0.33"" N","95° 13' 0.56"" E",363.52
1,14,8976,0.2,2,Yindike,Dalvergia,cultiata,5.2,13.2,1.3,9,"20° 53' 0.33"" N","95° 13' 0.56"" E",363.52
1,15,8975,1,1.7,Ingyin,Shorea,siamensis,8.5,21.6,1.3,10,"20° 53' 0.33"" N","95° 13' 0.56"" E",363.52
1,15,8974,4.7,4.7,Tei,Diospyros,burmanica,4.7,11.9,1.3,7,"20° 53' 0.33"" N","95° 13' 0.56"" E",363.52
1,16,NA,NA,NA,NA,NA,NA,NA,NA,NA,NA,"20° 53' 0.33"" N","95° 13' 0.56"" E",363.52
2,1,8973,0.6,2.5,Ingyin,Shorea,siamensis,5.6,14.2,1.3,7.8,"20° 53' 5.96"" N","95° 13' 8.37"" E",398.01
2,1,8972,0.7,2.5,Ingyin,Shorea,siamensis,4.4,11.2,1.3,7.5,"20° 53' 5.96"" N","95° 13' 8.37"" E",398.01
2,2,NA,NA,NA,NA,NA,NA,NA,NA,NA,NA,"20° 53' 5.96"" N","95° 13' 8.37"" E",398.01
2,3,8971,2.3,2.3,Naywel,Flacourtia,indica,4.2,10.7,1.3,5.1,"20° 53' 5.96"" N","95° 13' 8.37"" E",398.01
2,4,8969,4,4.9,Ingyin,Shorea,siamensis,5.1,13,1.3,5,"20° 53' 5.96"" N","95° 13' 8.37"" E",398.01
2,4,8970,0.1,3.3,Pyinkado,Xylia,xylocarpa,5.2,13.2,1.3,6,"20° 53' 5.96"" N","95° 13' 8.37"" E",398.01
2,4,8968,3.1,2,Pyinkado,Xylia,xylocarpa,5.4,13.7,1.3,6,"20° 53' 5.96"" N","95° 13' 8.37"" E",398.01
2,5,8966,2.4,1,Lunbo,Buchananaia,cochinchinensis,5.9,15,1.3,5.1,"20° 53' 5.96"" N","95° 13' 8.37"" E",398.01
2,5,8967,0.8,0.1,Thitya,Shorera,obtusa,4.9,12.4,1.3,4.4,"20° 53' 5.96"" N","95° 13' 8.37"" E",398.01
2,6,8965,2.6,4.9,Ingyin,Shorea,siamensis,4.2,10.7,1.3,4.6,"20° 53' 5.96"" N","95° 13' 8.37"" E",398.01
2,6,8964,2.6,4.9,Ingyin,Shorea,siamensis,4.9,12.4,1.3,4.7,"20° 53' 5.96"" N","95° 13' 8.37"" E",398.01
2,7,8963,4.6,2.6,Thitya,Shorera,obtusa,4.5,11.4,1.3,4.3,"20° 53' 5.96"" N","95° 13' 8.37"" E",398.01
2,8,8962,4.5,2,Ingyin,Shorea,siamensis,4.5,11.4,1.3,5.3,"20° 53' 5.96"" N","95° 13' 8.37"" E",398.01
2,8,8961,4.7,2.1,Ingyin,Shorea,siamensis,6.4,16.3,1.3,9.1,"20° 53' 5.96"" N","95° 13' 8.37"" E",398.01
2,9,8960,2.7,2.3,Lunbo,Buchananaia,cochinchinensis,6,15.2,1.3,5.4,"20° 53' 5.96"" N","95° 13' 8.37"" E",398.01
2,10,8958,1.8,3.1,Ingyin,Shorea,siamensis,4.8,12.2,1.3,5.7,"20° 53' 5.96"" N","95° 13' 8.37"" E",398.01
2,10,8959,1.6,0.8,Lunbo,Buchananaia,cochinchinensis,4.5,11.4,1.3,6.1,"20° 53' 5.96"" N","95° 13' 8.37"" E",398.01
2,11,NA,NA,NA,NA,NA,NA,NA,NA,NA,NA,"20° 53' 5.96"" N","95° 13' 8.37"" E",398.01
2,12,NA,NA,NA,NA,NA,NA,NA,NA,NA,NA,"20° 53' 5.96"" N","95° 13' 8.37"" E",398.01
2,13,8957,4,3,Pyinkado,Xylia,xylocarpa,6.7,17,1.3,8.7,"20° 53' 5.96"" N","95° 13' 8.37"" E",398.01
2,14,8956,0.5,1.3,Naywel,Flacourtia,indica,4.5,11.4,1.3,4.5,"20° 53' 5.96"" N","95° 13' 8.37"" E",398.01
2,15,8954,2.9,2.3,Ingyin,Shorea,siamensis,4.4,11.2,1.3,5.4,"20° 53' 5.96"" N","95° 13' 8.37"" E",398.01
2,15,8955,2.2,1.2,Tei,Diospyros,burmanica,4.2,10.7,1.3,5,"20° 53' 5.96"" N","95° 13' 8.37"" E",398.01
2,16,8953,4.5,2,Tei,Diospyros,burmanica,4.5,11.4,1.3,5,"20° 53' 5.96"" N","95° 13' 8.37"" E",398.01
3,1,8952,0.3,2.4,Htaukyant,Terminalia,crenulata,6.5,16.5,1.3,6.5,"20° 53' 10.37"" N","95° 13' 17.36"" E",424.51
3,2,8951,2.6,1.2,Tei,Diospyros,burmanica,4.6,11.7,1.3,5.5,"20° 53' 10.37"" N","95° 13' 17.36"" E",424.51
3,3,8950,1.6,2.4,Ingyin,Shorea,siamensis,5.9,15,1.3,8.6,"20° 53' 10.37"" N","95° 13' 17.36"" E",424.51
3,3,8949,3.1,1.9,Ingyin,Shorea,siamensis,5.1,13,1.3,7.1,"20° 53' 10.37"" N","95° 13' 17.36"" E",424.51
3,4,8948,1,0.3,Ingyin,Shorea,siamensis,6.9,17.5,1.3,3.4,"20° 53' 10.37"" N","95° 13' 17.36"" E",424.51
3,4,8947,0.6,3,Pyinkado,Xylia,xylocarpa,5.6,14.2,1.3,5,"20° 53' 10.37"" N","95° 13' 17.36"" E",424.51
3,4,8946,4.2,2.7,Tamalan,Dalvergia,oliveri,5.35,13.6,1.3,9,"20° 53' 10.37"" N","95° 13' 17.36"" E",424.51
3,5,8945,0.8,2.7,Ingyin,Shorea,siamensis,6.9,17.5,1.3,10.6,"20° 53' 10.37"" N","95° 13' 17.36"" E",424.51
3,5,8943,2.4,2.5,Ingyin,Shorea,siamensis,5.5,14,2,7.1,"20° 53' 10.37"" N","95° 13' 17.36"" E",424.51
3,5,8944,1.7,4.1,Lunbo,Buchananaia,cochinchinensis,4.8,12.2,1.3,5.5,"20° 53' 10.37"" N","95° 13' 17.36"" E",424.51
3,5,8942,2.2,0.2,Thitya,Shorera,obtusa,5.65,14.4,1.3,5.3,"20° 53' 10.37"" N","95° 13' 17.36"" E",424.51
3,6,8939,3.3,2.2,Ingyin,Shorea,siamensis,5.23,13.3,1.3,5.1,"20° 53' 10.37"" N","95° 13' 17.36"" E",424.51
3,6,8938,4.7,4,Ingyin,Shorea,siamensis,5,12.7,1.3,7,"20° 53' 10.37"" N","95° 13' 17.36"" E",424.51
3,6,8940,1,2.1,Seikchayphalan,Bridelia,ovata,4.2,10.7,1.3,7,"20° 53' 10.37"" N","95° 13' 17.36"" E",424.51
3,6,8941,2,1.5,Tei,Diospyros,burmanica,4.94,12.5,1.3,8.1,"20° 53' 10.37"" N","95° 13' 17.36"" E",424.51
3,7,8937,2.5,1,Tei,Diospyros,burmanica,5.9,15,1.3,7.1,"20° 53' 10.37"" N","95° 13' 17.36"" E",424.51
3,8,8935,2,2.3,Htaukyant,Terminalia,crenulata,4.23,10.7,1.3,7.2,"20° 53' 10.37"" N","95° 13' 17.36"" E",424.51
3,8,8936,0.7,2.2,Ingyin,Shorea,siamensis,15.2,38.6,1.3,9.2,"20° 53' 10.37"" N","95° 13' 17.36"" E",424.51
3,9,8932,4.2,3.3,Ingyin,Shorea,siamensis,5.74,14.6,1.3,8.1,"20° 53' 10.37"" N","95° 13' 17.36"" E",424.51
3,9,8934,2.2,1,Lunbo,Buchananaia,cochinchinensis,5.5,14,1.3,4.8,"20° 53' 10.37"" N","95° 13' 17.36"" E",424.51
3,9,8933,2.2,3.1,Lunbo,Buchananaia,cochinchinensis,4.42,11.2,1.3,6.6,"20° 53' 10.37"" N","95° 13' 17.36"" E",424.51
3,10,8931,2.7,4.2,Ingyin,Shorea,siamensis,8,20.3,1.3,8.7,"20° 53' 10.37"" N","95° 13' 17.36"" E",424.51
3,11,8930,2,0.5,Ingyin,Shorea,siamensis,8,20.3,1.3,9.4,"20° 53' 10.37"" N","95° 13' 17.36"" E",424.51
3,11,8929,2.1,1.7,Ingyin,Shorea,siamensis,5.94,15.1,1.3,5.5,"20° 53' 10.37"" N","95° 13' 17.36"" E",424.51
3,12,8928,4.6,4.5,Pyinkado,Xylia,xylocarpa,4.9,12.4,1.3,5.4,"20° 53' 10.37"" N","95° 13' 17.36"" E",424.51
3,13,8927,2.4,2.4,Ingyin,Shorea,siamensis,7.9,20.1,1.3,6.6,"20° 53' 10.37"" N","95° 13' 17.36"" E",424.51
3,14,8926,3.2,6.5,Ingyin,Shorea,siamensis,11.4,29,1.3,1.7,"20° 53' 10.37"" N","95° 13' 17.36"" E",424.51
3,15,8924,2.6,1,Tei,Diospyros,burmanica,5.6,14.2,1.3,5.7,"20° 53' 10.37"" N","95° 13' 17.36"" E",424.51
3,15,8925,0.3,4.2,Thitya,Shorera,obtusa,5.9,15,1.3,7.7,"20° 53' 10.37"" N","95° 13' 17.36"" E",424.51
3,16,8923,1,4.2,Htaukyant,Terminalia,crenulata,4.35,11,1.3,6.9,"20° 53' 10.37"" N","95° 13' 17.36"" E",424.51
3,16,8921,3.9,2.9,Pyinkado,Xylia,xylocarpa,4.63,11.8,1.3,6.5,"20° 53' 10.37"" N","95° 13' 17.36"" E",424.51
3,16,8920,4,3,Tamalan,Dalvergia,oliveri,6.3,16,1.3,7.1,"20° 53' 10.37"" N","95° 13' 17.36"" E",424.51
3,16,8922,2.6,3,Tei,Diospyros,burmanica,4.48,11.4,1.3,5.3,"20° 53' 10.37"" N","95° 13' 17.36"" E",424.51
4,1,NA,NA,NA,NA,NA,NA,NA,NA,NA,NA,"20° 53' 16.81"" N","95° 13' 23.25"" E",445.43
4,2,8919,1.6,4,Ingyin,Shorea,siamensis,4.63,11.8,1.3,7,"20° 53' 16.81"" N","95° 13' 23.25"" E",445.43
4,2,8918,3.9,2,Pyinkado,Xylia,xylocarpa,5,12.7,1.3,7,"20° 53' 16.81"" N","95° 13' 23.25"" E",445.43
4,3,8917,2.2,4.5,Ingyin,Shorea,siamensis,6.35,16.1,1.3,9.1,"20° 53' 16.81"" N","95° 13' 23.25"" E",445.43
4,4,NA,NA,,NA,NA,NA,NA,NA,NA,NA,"20° 53' 16.81"" N","95° 13' 23.25"" E",445.43
4,5,8914,0.4,3.9,Ingyin,Shorea,siamensis,4.2,10.7,1.3,7.5,"20° 53' 16.81"" N","95° 13' 23.25"" E",445.43
4,5,8913,0.5,3.8,Ingyin,Shorea,siamensis,4.4,11.2,1.3,7.5,"20° 53' 16.81"" N","95° 13' 23.25"" E",445.43
4,5,8916,1.8,2,Tei,Diospyros,burmanica,6.32,16.1,1.3,7.4,"20° 53' 16.81"" N","95° 13' 23.25"" E",445.43
4,5,8915,1.2,2.1,Tei,Diospyros,burmanica,4.97,12.6,1.3,6,"20° 53' 16.81"" N","95° 13' 23.25"" E",445.43
4,6,8912,2.5,0.3,Ingyin,Shorea,siamensis,4.52,11.5,1.3,7.9,"20° 53' 16.81"" N","95° 13' 23.25"" E",445.43
4,7,8910,3,0.1,Ingyin,Shorea,siamensis,7.38,18.7,1.3,9,"20° 53' 16.81"" N","95° 13' 23.25"" E",445.43
4,7,8911,2.1,3.6,Pyinkado,Xylia,xylocarpa,4.6,11.7,1.3,7.8,"20° 53' 16.81"" N","95° 13' 23.25"" E",445.43
4,8,8909,1.5,4,Tamalan,Dalvergia,oliveri,7.5,19.1,1.8,8,"20° 53' 16.81"" N","95° 13' 23.25"" E",445.43
4,9,8908,1,0.2,Htaukyant,Terminalia,crenulata,5.3,13.5,1.3,5.5,"20° 53' 16.81"" N","95° 13' 23.25"" E",445.43
4,10,NA,NA,NA,NA,NA,NA,NA,NA,NA ,NA,"20° 53' 16.81"" N","95° 13' 23.25"" E",445.43
4,11,8906,2.9,2.9,Ingyin,Shorea,siamensis,11.34,28.8,1.3,11.6,"20° 53' 16.81"" N","95° 13' 23.25"" E",445.43
4,11,8907,1.7,1.5,Thitya,Shorera,obtusa,5.82,14.8,1.3,5.8,"20° 53' 16.81"" N","95° 13' 23.25"" E",445.43
4,12,8903,4,4.5,Ingyin,Shorea,siamensis,6.25,15.9,1.3,8,"20° 53' 16.81"" N","95° 13' 23.25"" E",445.43
4,12,8904,2.5,1,Kyunkhauknwe,Vitex,limonifolia,4.9,12.4,1.3,6,"20° 53' 16.81"" N","95° 13' 23.25"" E",445.43
4,12,8905,0.3,1,Seikchayphalan,Bridelia,ovata,4.9,12.4,1.3,5.8,"20° 53' 16.81"" N","95° 13' 23.25"" E",445.43
4,13,8902,4.7,2.4,Ingyin,Shorea,siamensis,4.35,11,1.3,7,"20° 53' 16.81"" N","95° 13' 23.25"" E",445.43
4,14,8901,2.2,4.1,Ingyin,Shorea,siamensis,6.3,16,1.3,5.6,"20° 53' 16.81"" N","95° 13' 23.25"" E",445.43
4,15,NA,NA,NA,NA,NA,NA ,NA,NA,NA ,NA,"20° 53' 16.81"" N","95° 13' 23.25"" E",445.43
4,16,8900,1,0.15,Ingyin,Shorea,siamensis,4.25,10.8,1.3,7.8,"20° 53' 16.81"" N","95° 13' 23.25"" E",445.43
5,1,8803,0.8,4.9,Ingyin,Shorea,siamensis,5,12.7,1.3,5.8,"20° 53' 24.92"" N","95° 13' 31.97"" E",480.67
5,1,8801,2.6,0.5,Thitya,Shorera,obtusa,11.98,30.4,1.3,6.1,"20° 53' 24.92"" N","95° 13' 31.97"" E",480.67
5,1,8802,2,4.2,Yaythabyay,Lophopetalum,wallichii,4.22,10.7,1.3,6,"20° 53' 24.92"" N","95° 13' 31.97"" E",480.67
5,2,8804,4.5,1.7,Thitya,Shorera,obtusa,8.12,20.6,1.3,4.1,"20° 53' 24.92"" N","95° 13' 31.97"" E",480.67
5,3,8806,0.7,3.5,Thitya,Shorera,obtusa,4.6,11.7,1.3,6.9,"20° 53' 24.92"" N","95° 13' 31.97"" E",480.67
5,3,8807,0.7,3.5,Thitya,Shorera,obtusa,6.8,17.3,1.3,2,"20° 53' 24.92"" N","95° 13' 31.97"" E",480.67
5,3,8808,2.6,4.8,Thitya,Shorera,obtusa,6.15,15.6,1.3,4,"20° 53' 24.92"" N","95° 13' 31.97"" E",480.67
5,3,8805,1.4,1.7,Yaythabyay,Lophopetalum,wallichii,8.6,21.8,1.3,7,"20° 53' 24.92"" N","95° 13' 31.97"" E",480.67
5,4,8809,1.5,0.9,Ingyin,Shorea,siamensis,5.05,12.8,1.3,5,"20° 53' 24.92"" N","95° 13' 31.97"" E",480.67
5,5,8810,1,2.6,Ingyin,Shorea,siamensis,6.9,17.5,1.3,8,"20° 53' 24.92"" N","95° 13' 31.97"" E",480.67
5,5,8811,4,1.2,Thitya,Shorera,obtusa,4.44,11.3,1.3,6,"20° 53' 24.92"" N","95° 13' 31.97"" E",480.67
5,6,8812,0.4,2.5,In,Dipterocarpus,tuberculatus,9.4,23.9,1.3,5,"20° 53' 24.92"" N","95° 13' 31.97"" E",480.67
5,7,8813,2.4,4,Ingyin,Shorea,siamensis,5.68,14.4,1.3,7.7,"20° 53' 24.92"" N","95° 13' 31.97"" E",480.67
5,8,NA,NA ,NA,NA,NA,NA ,NA,NA,NA,NA,"20° 53' 24.92"" N","95° 13' 31.97"" E",480.67
5,9,NA,NA ,NA,NA,NA,NA ,NA,NA,NA,NA,"20° 53' 24.92"" N","95° 13' 31.97"" E",480.67
5,10,8814,2.5,0.9,In,Dipterocarpus,tuberculatus,4.58,11.6,1.3,2,"20° 53' 24.92"" N","95° 13' 31.97"" E",480.67
5,10,8815,2,2.3,Thitya,Shorera,obtusa,5.62,14.3,1.3,4,"20° 53' 24.92"" N","95° 13' 31.97"" E",480.67
5,11,8819,2.7,2,In,Dipterocarpus,tuberculatus,11,27.9,1.3,4.8,"20° 53' 24.92"" N","95° 13' 31.97"" E",480.67
5,11,8818,2.9,2.7,Kyunpho,Premma,latifolia,6.5,16.5,1.3,7.9,"20° 53' 24.92"" N","95° 13' 31.97"" E",480.67
5,11,8817,2.4,2.7,Thitya,Shorera,obtusa,5.1,13,1.3,6.6,"20° 53' 24.92"" N","95° 13' 31.97"" E",480.67
5,11,8816,2.5,1.5,Yaythabyay,Lophopetalum,wallichii,6.26,15.9,1.3,7.6,"20° 53' 24.92"" N","95° 13' 31.97"" E",480.67
5,12,8820,2.2,0.6,Htaukyant,Terminalia,crenulata,4.3,10.9,1.3,7,"20° 53' 24.92"" N","95° 13' 31.97"" E",480.67
5,12,8821,1,3.8,Nabe,Lannea,coromandelica,4.4,11.2,1.3,7.9,"20° 53' 24.92"" N","95° 13' 31.97"" E",480.67
5,12,8823,2.34,0.5,Thitya,Shorera,obtusa,4.72,12,1.3,5,"20° 53' 24.92"" N","95° 13' 31.97"" E",480.67
5,12,8822,4.8,2.3,Yaythabyay,Lophopetalum,wallichii,4.44,11.3,1.3,5.6,"20° 53' 24.92"" N","95° 13' 31.97"" E",480.67
5,13,NA,NA ,NA,NA,NA,NA ,NA,NA,NA,NA,"20° 53' 24.92"" N","95° 13' 31.97"" E",480.67
5,14,NA,NA ,NA,NA,NA,NA ,NA,NA,NA,NA,"20° 53' 24.92"" N","95° 13' 31.97"" E",480.67
5,15,8824,0.4,0.4,In,Dipterocarpus,tuberculatus,12.1,30.7,1.3,3.7,"20° 53' 24.92"" N","95° 13' 31.97"" E",480.67
5,15,8825,2.35,2.5,Ingyin,Shorea,siamensis,5.25,13.3,1.3,6,"20° 53' 24.92"" N","95° 13' 31.97"" E",480.67
5,16,8826,0.5,0.2,In,Dipterocarpus,tuberculatus,6.32,16.1,1.3,3.3,"20° 53' 24.92"" N","95° 13' 31.97"" E",480.67
6,1,8827,1.2,0.6,Naywel,Flacourtia,indica,10.35,26.3,1.3,11,"20° 53' 34.17"" N","95° 13' 39.02"" E",486.88
6,2,NA,NA,NA,NA,NA,NA ,NA,NA,NA,NA,"20° 53' 34.17"" N","95° 13' 39.02"" E",486.88
6,3,8829,3.9,4.1,Aonetone,Litsea,glutinosa,4.3,10.9,1.3,9,"20° 53' 34.17"" N","95° 13' 39.02"" E",486.88
6,3,8828,1,3.5,Thintwelnyo,Diospyros,mollis,6.1,15.5,1.3,11,"20° 53' 34.17"" N","95° 13' 39.02"" E",486.88
6,4,8830,2.1,2.4,Naywel,Flacourtia,indica,6.4,16.3,1.3,6.9,"20° 53' 34.17"" N","95° 13' 39.02"" E",486.88
6,4,8831,0.6,3.5,Thintwelnyo,Diospyros,mollis,5,12.7,1.3,9,"20° 53' 34.17"" N","95° 13' 39.02"" E",486.88
6,5,8832,2.3,0.9,Yindike,Dalvergia,cultiata,4,10.2,1.3,7,"20° 53' 34.17"" N","95° 13' 39.02"" E",486.88
6,6,8834,4.5,4.3,Kyunpho,Premma,latifolia,5.06,12.9,1.3,8,"20° 53' 34.17"" N","95° 13' 39.02"" E",486.88
6,6,8833,2,1.1,Yindike,Dalvergia,cultiata,5.52,14,1.3,7.8,"20° 53' 34.17"" N","95° 13' 39.02"" E",486.88
6,7,8835,2.5,4.6,Tamalan,Dalvergia,oliveri,9.3,23.6,1.3,15,"20° 53' 34.17"" N","95° 13' 39.02"" E",486.88
6,8,NA,NA,NA,NA,NA,NA ,NA,NA,NA,NA,"20° 53' 34.17"" N","95° 13' 39.02"" E",486.88
6,9,NA,NA,NA,NA,NA,NA ,NA,NA,NA,NA,"20° 53' 34.17"" N","95° 13' 39.02"" E",486.88
6,10,8837,0.5,4.2,Gyoe,Schleichera,oleosa,4.22,10.7,1.3,7.6,"20° 53' 34.17"" N","95° 13' 39.02"" E",486.88
6,10,8836,1,2.2,Kyunkhauknwe,Vitex,limonifolia,4.3444,11,1.3,4.1,"20° 53' 34.17"" N","95° 13' 39.02"" E",486.88
6,10,8838,3,3.8,Kyunkhauknwe,Vitex,limonifolia,6,15.2,1.3,10,"20° 53' 34.17"" N","95° 13' 39.02"" E",486.88
6,11,8839,0.7,2.2,Naywel,Flacourtia,indica,8.35,21.2,1.3,17.3,"20° 53' 34.17"" N","95° 13' 39.02"" E",486.88
6,11,8840,2.2,2.5,Oakshit,Aegle,marmelos,8.6,21.8,1.3,15.4,"20° 53' 34.17"" N","95° 13' 39.02"" E",486.88
6,12,8841,4.7,0.6,Nipasay,Morinda,tomentosa,4.24,10.8,1.3,6.6,"20° 53' 34.17"" N","95° 13' 39.02"" E",486.88
6,12,8842,1,1,Thintwelnyo,Diospyros,mollis,4.8,12.2,1.3,6.8,"20° 53' 34.17"" N","95° 13' 39.02"" E",486.88
6,13,NA,NA,NA,NA,NA,NA ,NA,NA,NA,NA,"20° 53' 34.17"" N","95° 13' 39.02"" E",486.88
6,14,8843,4.3,4,Thintwelnyo,Diospyros,mollis,6.2,15.7,1.3,9,"20° 53' 34.17"" N","95° 13' 39.02"" E",486.88
6,15,8844,0.9,2.7,Thintwelnyo,Diospyros,mollis,8.02,20.4,1.3,14,"20° 53' 34.17"" N","95° 13' 39.02"" E",486.88
6,16,NA,NA,NA,NA,NA,NA,NA,NA,NA,NA,"20° 53' 34.17"" N","95° 13' 39.02"" E",486.88
7,1,8847,3.3,0.5,Nabe,Lannea,coromandelica,9.64,24.5,1.3,15,"20° 53' 41.13"" N","95° 13' 47.92"" E",536.6
7,1,8846,4.1,2.5,Oakshit,Aegle,marmelos,7.3,18.5,1.3,7,"20° 53' 41.13"" N","95° 13' 47.92"" E",536.6
7,1,8845,3.5,3.2,Thintwelnyo,Diospyros,mollis,16.1,40.9,1.3,20,"20° 53' 41.13"" N","95° 13' 47.92"" E",536.6
7,2,8848,2.5,0.6,Thintwelnyo,Diospyros,mollis,11.5,29.2,1.3,13,"20° 53' 41.13"" N","95° 13' 47.92"" E",536.6
7,3,NA,NA,NA,NA,NA,NA,NA,NA,NA,NA,"20° 53' 41.13"" N","95° 13' 47.92"" E",536.6
7,4,8851,4.6,4.5,Oakshit,Aegle,marmelos,4.75,12.1,1.3,7.7,"20° 53' 41.13"" N","95° 13' 47.92"" E",536.6
7,4,8849,2.6,3,Thitsaint,Terminalia,bellirica,12.25,31.1,1.3,14,"20° 53' 41.13"" N","95° 13' 47.92"" E",536.6
7,4,8850,3.5,4,Yindike,Dalvergia,cultiata,7.4,18.8,1.3,8.6,"20° 53' 41.13"" N","95° 13' 47.92"" E",536.6
7,5,8853,2.6,3,Tamalan,Dalvergia,oliveri,4.6,11.7,1.3,5.6,"20° 53' 41.13"" N","95° 13' 47.92"" E",536.6
7,5,8852,2.2,1.6,Thintwelnyo,Diospyros,mollis,4.4,11.2,1.3,7.9,"20° 53' 41.13"" N","95° 13' 47.92"" E",536.6
7,6,8854,2.3,4,Thintwelnyo,Diospyros,mollis,13.12,33.3,1.3,16,"20° 53' 41.13"" N","95° 13' 47.92"" E",536.6
7,6,8855,2.8,2.9,Thintwelnyo,Diospyros,mollis,6.5,16.5,1.3,8.3,"20° 53' 41.13"" N","95° 13' 47.92"" E",536.6
7,6,8856,2.6,0.6,Thintwelnyo,Diospyros,mollis,6.4,16.3,1.3,10,"20° 53' 41.13"" N","95° 13' 47.92"" E",536.6
7,7,NA,NA,NA,NA,NA,NA,NA,NA,NA,NA,"20° 53' 41.13"" N","95° 13' 47.92"" E",536.6
7,8,8857,1.8,1.5,Oakshit,Aegle,marmelos,6.98,17.7,1.3,8.5,"20° 53' 41.13"" N","95° 13' 47.92"" E",536.6
7,9,8858,3,2.9,Nabe,Lannea,coromandelica,7.06,17.9,1.3,9,"20° 53' 41.13"" N","95° 13' 47.92"" E",536.6
7,10,8859,1.7,2.7,Tamalan,Dalvergia,oliveri,10.3,26.2,1.3,15,"20° 53' 41.13"" N","95° 13' 47.92"" E",536.6
7,10,8860,4,2.5,Tei,Diospyros,burmanica,5.3,13.5,1.3,8,"20° 53' 41.13"" N","95° 13' 47.92"" E",536.6
7,11,8861,1,2.7,Tamalan,Dalvergia,oliveri,10.7,27.2,1.3,7,"20° 53' 41.13"" N","95° 13' 47.92"" E",536.6
7,12,8862,0.5,2,Thadi,Protium,serratum,5.75,14.6,1.3,4.5,"20° 53' 41.13"" N","95° 13' 47.92"" E",536.6
7,13,8863,0.4,1.3,Tayaw,Grewia,tiliifolia,10.3,26.2,1.3,15,"20° 53' 41.13"" N","95° 13' 47.92"" E",536.6
7,13,8864,0.5,2.5,Thintwelnyo,Diospyros,mollis,5.65,14.4,1.3,8.1,"20° 53' 41.13"" N","95° 13' 47.92"" E",536.6
7,13,8865,0.4,2.7,Thintwelnyo,Diospyros,mollis,5.6,14.2,1.3,9.5,"20° 53' 41.13"" N","95° 13' 47.92"" E",536.6
7,14,8866,1.2,3.4,Oakshit,Aegle,marmelos,6.32,16.1,1.3,10.5,"20° 53' 41.13"" N","95° 13' 47.92"" E",536.6
7,14,8867,2.7,3,Thintwelnyo,Diospyros,mollis,17.7,45,1.3,9,"20° 53' 41.13"" N","95° 13' 47.92"" E",536.6
7,15,8868,2,2,Kyunkhauknwe,Vitex,limonifolia,4.32,11,1.3,6.1,"20° 53' 41.13"" N","95° 13' 47.92"" E",536.6
7,15,8869,0.2,2.3,Thitswalei,Englehardtia,spicata,5.95,15.1,1.3,15,"20° 53' 41.13"" N","95° 13' 47.92"" E",536.6
7,15,8870,0.3,2.4,Thitswalei,Englehardtia,spicata,11,27.9,1.3,15,"20° 53' 41.13"" N","95° 13' 47.92"" E",536.6
7,16,8871,2.2,1.2,Gyoe,Schleichera,oleosa,19.84,50.4,1.3,18,"20° 53' 41.13"" N","95° 13' 47.92"" E",536.6
7,16,8873,2.8,1.6,Gyoe,Schleichera,oleosa,4.4,11.2,1.3,8,"20° 53' 41.13"" N","95° 13' 47.92"" E",536.6
7,16,8872,3,3,Yindike,Dalvergia,cultiata,4.7,11.9,1.3,6.1,"20° 53' 41.13"" N","95° 13' 47.92"" E",536.6
8,1,8876,2.4,1.7,Lunbo,Buchananaia,cochinchinensis,6.4,16.3,1.3,7,"20° 53' 53.16"" N","95° 13' 52.94"" E",582.38
8,1,8874,2.1,2.5,Mayanin,Pittosporum,napaulense,7.53,19.1,1.3,6.1,"20° 53' 53.16"" N","95° 13' 52.94"" E",582.38
8,1,8877,4,2.1,Mayanin,Pittosporum,napaulense,4.62,11.7,1.3,6.2,"20° 53' 53.16"" N","95° 13' 52.94"" E",582.38
8,1,8875,2.5,2.6,Thitya,Shorera,obtusa,12.1,30.7,1.3,6,"20° 53' 53.16"" N","95° 13' 52.94"" E",582.38
8,1,8878,2.5,0.3,Thitya,Shorera,obtusa,6.1,15.5,1.3,6,"20° 53' 53.16"" N","95° 13' 52.94"" E",582.38
8,2,8879,2,2.6,Lunbo,Buchananaia,cochinchinensis,5.63,14.3,1.3,8.7,"20° 53' 53.16"" N","95° 13' 52.94"" E",582.38
8,3,NA,NA,NA,NA,NA,NA,NA,NA,NA,NA,"20° 53' 53.16"" N","95° 13' 52.94"" E",582.38
8,4,8881,2.9,2.5,Phanga,Terminalia,chebula,11.72,29.8,1.3,13,"20° 53' 53.16"" N","95° 13' 52.94"" E",582.38
8,4,8880,2.2,1.9,Thitya,Shorera,obtusa,7.4,18.8,1.5,5.6,"20° 53' 53.16"" N","95° 13' 52.94"" E",582.38
8,5,8884,3,1,Mayanin,Pittosporum,napaulense,6.71,17,1.3,12,"20° 53' 53.16"" N","95° 13' 52.94"" E",582.38
8,5,8882,2.7,4.2,Phathan,Heterophragma,adenophylla,5.38,13.7,1.3,11,"20° 53' 53.16"" N","95° 13' 52.94"" E",582.38
8,5,8883,4,2.5,Thitya,Shorera,obtusa,5.1,13,1.3,9,"20° 53' 53.16"" N","95° 13' 52.94"" E",582.38
8,6,8886,2.2,4,Khabaungyaykyi,Strychnos,nux blanda,4.82,12.2,1.3,7.5,"20° 53' 53.16"" N","95° 13' 52.94"" E",582.38
8,6,8885,0.4,2.6,Naywel,Flacourtia,indica,6,15.2,1.3,10,"20° 53' 53.16"" N","95° 13' 52.94"" E",582.38
8,6,8887,2.2,2.85,Thitya,Shorera,obtusa,7.2,18.3,1.3,9.1,"20° 53' 53.16"" N","95° 13' 52.94"" E",582.38
8,7,8888,1.6,2.7,Khabaungyaykyi,Strychnos,nux blanda,5.25,13.3,1.3,4,"20° 53' 53.16"" N","95° 13' 52.94"" E",582.38
8,7,8889,3.1,1,Phathan,Heterophragma,adenophylla,5,12.7,1.3,9.3,"20° 53' 53.16"" N","95° 13' 52.94"" E",582.38
8,8,8892,4,1.5,Aonetone,Litsea,glutinosa,6.56,16.7,1.3,12,"20° 53' 53.16"" N","95° 13' 52.94"" E",582.38
8,8,8890,1,4.6,Gyoe,Schleichera,oleosa,7.4,18.8,1.3,12.4,"20° 53' 53.16"" N","95° 13' 52.94"" E",582.38
8,8,8891,1.5,4.7,Gyoe,Schleichera,oleosa,7,17.8,1.3,12.4,"20° 53' 53.16"" N","95° 13' 52.94"" E",582.38
8,9,8894,3.2,2.7,Ingyin,Shorea,siamensis,5.5,14,1.3,11,"20° 53' 53.16"" N","95° 13' 52.94"" E",582.38
8,9,8893,2.4,4.8,Mayanin,Pittosporum,napaulense,7.45,18.9,1.3,11,"20° 53' 53.16"" N","95° 13' 52.94"" E",582.38
8,9,8895,3,2.6,Mayanin,Pittosporum,napaulense,6.52,16.6,1.3,11,"20° 53' 53.16"" N","95° 13' 52.94"" E",582.38
8,10,8898,3.4,2.5,Ingyin,Shorea,siamensis,12.4,31.5,1.3,7.6,"20° 53' 53.16"" N","95° 13' 52.94"" E",582.38
8,10,8897,2.6,4.6,Kyaungdaurk,Heteropanax,fragran,6.9,17.5,1.3,8,"20° 53' 53.16"" N","95° 13' 52.94"" E",582.38
8,10,8896,0.6,2.6,Thitya,Shorera,obtusa,5.3,13.5,1.3,2.9,"20° 53' 53.16"" N","95° 13' 52.94"" E",582.38
8,11,3301,3.1,2.9,Ingyin,Shorea,siamensis,5.39,13.7,1.3,11,"20° 53' 53.16"" N","95° 13' 52.94"" E",582.38
8,11,3302,3,1.9,Mayanin,Pittosporum,napaulense,6,15.2,1.3,9,"20° 53' 53.16"" N","95° 13' 52.94"" E",582.38
8,11,8899,2.7,3,Thitya,Shorera,obtusa,6.64,16.9,1.3,11,"20° 53' 53.16"" N","95° 13' 52.94"" E",582.38
8,12,3304,2,1.6,Kyunkhauknwe,Vitex,limonifolia,4.3,10.9,1.3,3,"20° 53' 53.16"" N","95° 13' 52.94"" E",582.38
8,12,3303,0.7,0.3,Thitya,Shorera,obtusa,6.9,17.5,1.3,6,"20° 53' 53.16"" N","95° 13' 52.94"" E",582.38
8,12,3305,3.52,0.85,Thitya,Shorera,obtusa,5.1,13,1.3,5.9,"20° 53' 53.16"" N","95° 13' 52.94"" E",582.38
8,13,3306,1.6,2.1,Thitya,Shorera,obtusa,5.16,13.1,1.3,6.7,"20° 53' 53.16"" N","95° 13' 52.94"" E",582.38
8,13,3307,2.3,2.2,Thitya,Shorera,obtusa,5.6,14.2,1.3,5.2,"20° 53' 53.16"" N","95° 13' 52.94"" E",582.38
8,14,3308,4.1,3.9,Thitya,Shorera,obtusa,5.2,13.2,1.3,5.8,"20° 53' 53.16"" N","95° 13' 52.94"" E",582.38
8,14,3309,3.2,2.4,Yaythabyay,Lophopetalum,wallichii,6.4,16.3,1.3,8.8,"20° 53' 53.16"" N","95° 13' 52.94"" E",582.38
8,15,3310,3.1,4.6,Tamalan,Dalvergia,oliveri,11.4,29,1.3,11,"20° 53' 53.16"" N","95° 13' 52.94"" E",582.38
8,15,3311,3.5,2.6,Tamalan,Dalvergia,oliveri,4.44,11.3,1.3,7.5,"20° 53' 53.16"" N","95° 13' 52.94"" E",582.38
8,15,3312,2.7,0.75,Thitya,Shorera,obtusa,4.87,12.4,1.3,6.5,"20° 53' 53.16"" N","95° 13' 52.94"" E",582.38
8,16,NA,NA,NA,NA,NA,NA,NA,NA,NA,NA,"20° 53' 53.16"" N","95° 13' 52.94"" E",582.38
9,1,3316,4,1.9,Mayanin,Pittosporum,napaulense,7,17.8,1.3,9,"20° 53' 57.22"" N","95° 13' 59.16"" E",620.08
9,1,3317,4.5,1.65,Mayanin,Pittosporum,napaulense,8.65,22,1.3,10,"20° 53' 57.22"" N","95° 13' 59.16"" E",620.08
9,1,3315,1.6,4.6,Thadi,Protium,serratum,4.85,12.3,1.3,8.4,"20° 53' 57.22"" N","95° 13' 59.16"" E",620.08
9,1,3313,0.5,1.1,Yamane,Gmelina,arborea,11.8,30,1.3,5,"20° 53' 57.22"" N","95° 13' 59.16"" E",620.08
9,1,3314,0.5,1.8,Yamane,Gmelina,arborea,8.4,21.3,1.3,10,"20° 53' 57.22"" N","95° 13' 59.16"" E",620.08
9,2,3318,2.65,1.6,Naywel,Flacourtia,indica,10.6,26.9,1.3,10,"20° 53' 57.22"" N","95° 13' 59.16"" E",620.08
9,2,3319,2.65,1.95,Naywel,Flacourtia,indica,10,25.4,1.3,10,"20° 53' 57.22"" N","95° 13' 59.16"" E",620.08
9,3,3320,3.4,3,Kyatyoe,Vitex,canescens,4.4,11.2,1.3,9.3,"20° 53' 57.22"" N","95° 13' 59.16"" E",620.08
9,3,3321,8.5,2.3,Pyinma,Lagerstroemia,speciosa,4.4,11.2,1.3,9,"20° 53' 57.22"" N","95° 13' 59.16"" E",620.08
9,4,3322,2.45,0.5,Yone,Anogeissus,acuminate,10.12,25.7,1.3,14,"20° 53' 57.22"" N","95° 13' 59.16"" E",620.08
9,5,3323,3.5,1.6,Tamalan,Dalvergia,oliveri,8.8,22.4,1.3,15,"20° 53' 57.22"" N","95° 13' 59.16"" E",620.08
9,6,3324,4.4,0.35,Thadi,Protium,serratum,4.35,11,1.3,8,"20° 53' 57.22"" N","95° 13' 59.16"" E",620.08
9,7,NA,NA,NA,NA,NA,NA,NA,NA,NA,NA,"20° 53' 57.22"" N","95° 13' 59.16"" E",620.08
9,8,3325,0.1,1.5,Mayanin,Pittosporum,napaulense,6.1,15.5,1.3,6.6,"20° 53' 57.22"" N","95° 13' 59.16"" E",620.08
9,9,3326,1.2,2.1,Thadi,Protium,serratum,5,12.7,1.3,9.6,"20° 53' 57.22"" N","95° 13' 59.16"" E",620.08
9,9,3327,3,2.6,Thadi,Protium,serratum,6.3,16,1.3,2.9,"20° 53' 57.22"" N","95° 13' 59.16"" E",620.08
9,10,3328,2.9,2.5,Tamalan,Dalvergia,oliveri,6.5,16.5,1.3,9,"20° 53' 57.22"" N","95° 13' 59.16"" E",620.08
9,11,3329,0.45,0.25,Tamalan,Dalvergia,oliveri,4.5,11.4,1.3,6.8,"20° 53' 57.22"" N","95° 13' 59.16"" E",620.08
9,12,3331,0.6,3,Mayanin,Pittosporum,napaulense,6,15.2,1.3,13,"20° 53' 57.22"" N","95° 13' 59.16"" E",620.08
9,12,3332,4.6,4,Mayanin,Pittosporum,napaulense,6,15.2,1.3,14,"20° 53' 57.22"" N","95° 13' 59.16"" E",620.08
9,12,3333,0.65,2.3,Phalan,Bauhinia,racemosa,4.15,10.5,1.3,8,"20° 53' 57.22"" N","95° 13' 59.16"" E",620.08
9,12,3330,1.1,2.25,Tayaw,Grewia,tiliifolia,6.3,16,1.3,13,"20° 53' 57.22"" N","95° 13' 59.16"" E",620.08
9,13,3334,2.1,0.7,Htaukyant,Terminalia,crenulata,4.82,12.2,1.3,13,"20° 53' 57.22"" N","95° 13' 59.16"" E",620.08
9,13,3335,1,4.1,Naywel,Flacourtia,indica,8.87,22.5,1.3,11,"20° 53' 57.22"" N","95° 13' 59.16"" E",620.08
9,13,3336,1,4.25,Naywel,Flacourtia,indica,6.16,15.6,1.3,9,"20° 53' 57.22"" N","95° 13' 59.16"" E",620.08
9,13,3337,3.5,0.5,Naywel,Flacourtia,indica,6.4,16.3,1.3,8.7,"20° 53' 57.22"" N","95° 13' 59.16"" E",620.08
9,14,3338,0.6,0.7,Mayanin,Pittosporum,napaulense,10.2,25.9,1.3,8,"20° 53' 57.22"" N","95° 13' 59.16"" E",620.08
9,14,3339,0.9,0.65,Mayanin,Pittosporum,napaulense,10.3,26.2,1.3,12.4,"20° 53' 57.22"" N","95° 13' 59.16"" E",620.08
9,14,3341,1.9,4.1,Thintwelnyo,Diospyros,mollis,4.42,11.2,1.3,6.2,"20° 53' 57.22"" N","95° 13' 59.16"" E",620.08
9,14,3340,0.15,0.4,Thitsaint,Terminalia,bellirica,8.32,21.1,1.3,11,"20° 53' 57.22"" N","95° 13' 59.16"" E",620.08
9,15,3342,2,1.8,Kyattatt,Combretum,apetalum,6,15.2,1.3,6.3,"20° 53' 57.22"" N","95° 13' 59.16"" E",620.08
9,15,3344,4.25,0.3,Shinpargu,Olax,scandens,5.67,14.4,1.3,12,"20° 53' 57.22"" N","95° 13' 59.16"" E",620.08
9,15,3343,2.85,0.65,Thadi,Protium,serratum,7.4,18.8,1.3,12.4,"20° 53' 57.22"" N","95° 13' 59.16"" E",620.08
9,16,3346,4.6,3.5,Ingyin,Shorea,siamensis,22.4,56.9,1.3,18,"20° 53' 57.22"" N","95° 13' 59.16"" E",620.08
9,16,3345,2.5,3.45,Thadi,Protium,serratum,6.02,15.3,1.3,10,"20° 53' 57.22"" N","95° 13' 59.16"" E",620.08
10,1,3347,2.5,0.85,Thitya,Shorera,obtusa,13,33,1.3,10,"20° 54' 4.37"" N","95° 14' 7.30"" E",708.3
10,2,3348,1.5,2.7,Ingyin,Shorea,siamensis,22.37,56.8,1.3,16,"20° 54' 4.37"" N","95° 14' 7.30"" E",708.3
10,2,3349,3.1,4.2,Thayingyi,Croton,laevigatus,6.1,15.5,1.3,6.2,"20° 54' 4.37"" N","95° 14' 7.30"" E",708.3
10,3,3351,2.5,2.1,Ingyin,Shorea,siamensis,11.81,30,1.3,16,"20° 54' 4.37"" N","95° 14' 7.30"" E",708.3
10,3,3350,2.15,1.1,Kyattatt,Combretum,apetalum,4.25,10.8,1.3,6.5,"20° 54' 4.37"" N","95° 14' 7.30"" E",708.3
10,4,3353,1.5,1.7,Naywel,Flacourtia,indica,5.45,13.8,1.3,8,"20° 54' 4.37"" N","95° 14' 7.30"" E",708.3
10,4,3352,0.2,1,Taungnangyi,Premna,latifolia,6.1,15.5,1.3,9.4,"20° 54' 4.37"" N","95° 14' 7.30"" E",708.3
10,5,NA,NA,NA,NA,NA,NA,NA,NA,NA,NA,"20° 54' 4.37"" N","95° 14' 7.30"" E",708.3
10,6,3354,1,0.6,Tamalan,Dalvergia,oliveri,4.39,11.2,1.3,9.9,"20° 54' 4.37"" N","95° 14' 7.30"" E",708.3
10,6,3355,3.9,2.2,Thitya,Shorera,obtusa,7.64,19.4,1.3,12.8,"20° 54' 4.37"" N","95° 14' 7.30"" E",708.3
10,7,NA,NA,NA,NA,NA,NA,NA,NA,NA,NA,"20° 54' 4.37"" N","95° 14' 7.30"" E",708.3
10,8,3357,3.85,2.25,Lunbo,Buchananaia,cochinchinensis,4.77,12.1,1.3,11.5,"20° 54' 4.37"" N","95° 14' 7.30"" E",708.3
10,8,3356,4,3.5,Thitya,Shorera,obtusa,20.84,52.9,1.3,15,"20° 54' 4.37"" N","95° 14' 7.30"" E",708.3
10,9,NA,NA,NA,NA,NA,NA,NA,NA,NA,NA,"20° 54' 4.37"" N","95° 14' 7.30"" E",708.3
10,10,3360,3.25,1.85,Tawkyatsar,Chiolanthus,ramiflorus,4.51,11.5,1.5,9,"20° 54' 4.37"" N","95° 14' 7.30"" E",708.3
10,10,3358,2.4,0.9,Thitya,Shorera,obtusa,10.64,27,1.3,13.5,"20° 54' 4.37"" N","95° 14' 7.30"" E",708.3
10,10,3359,1.45,3.5,Thitya,Shorera,obtusa,10.9,27.7,1.3,13.9,"20° 54' 4.37"" N","95° 14' 7.30"" E",708.3
10,11,3361,4,1.6,Thitya,Shorera,obtusa,11.16,28.3,1.3,13.1,"20° 54' 4.37"" N","95° 14' 7.30"" E",708.3
10,12,3362,0.5,1.95,Ingyin,Shorea,siamensis,19.4,49.3,1.3,16,"20° 54' 4.37"" N","95° 14' 7.30"" E",708.3
10,13,3365,3.8,4.2,Htaukyant,Terminalia,crenulata,6.38,16.2,1.3,11,"20° 54' 4.37"" N","95° 14' 7.30"" E",708.3
10,13,3363,2,4.4,Khabaungyaykyi,Strychnos,nux blanda,4.9,12.4,1.3,6.9,"20° 54' 4.37"" N","95° 14' 7.30"" E",708.3
10,13,3364,3,4.5,Thitya,Shorera,obtusa,13.65,34.7,1.3,12.2,"20° 54' 4.37"" N","95° 14' 7.30"" E",708.3
10,14,3366,2,2,Gyoe,Schleichera,oleosa,5.8,14.7,1.3,7.9,"20° 54' 4.37"" N","95° 14' 7.30"" E",708.3
10,15,3368,2.4,4.7,Banbwe,Careya,arborea,8.8,22.4,1.3,10,"20° 54' 4.37"" N","95° 14' 7.30"" E",708.3
10,15,3369,3.1,1.85,Gyoe,Schleichera,oleosa,5.45,13.8,1.3,11.4,"20° 54' 4.37"" N","95° 14' 7.30"" E",708.3
10,15,3367,2.4,0.65,Zeebyu,Phyllanthus,emblica,4.48,11.4,1.3,9,"20° 54' 4.37"" N","95° 14' 7.30"" E",708.3
10,16,3371,4.35,4.85,Phathan,Heterophragma,adenophylla,5.61,14.2,1.3,9.8,"20° 54' 4.37"" N","95° 14' 7.30"" E",708.3
10,16,3370,0.7,1.9,Thitya,Shorera,obtusa,18.1,46,1.3,13.2,"20° 54' 4.37"" N","95° 14' 7.30"" E",708.3
11,1,8506,1.7,2,Kyattatt,Combretum,apetalum,Wall.,5.4,1.3,9,"20° 54' 12.94"" N","95° 14' 13.97"" E",780.94
11,1,8505,1.7,0.9,Yindike,Dalvergia,cultiata,Grah.,7.92,1.3,11,"20° 54' 12.94"" N","95° 14' 13.97"" E",780.94
11,1,8507,2.5,1.5,Yindike,Dalvergia,cultiata,Grah.,7.8,1.3,13,"20° 54' 12.94"" N","95° 14' 13.97"" E",780.94
11,1,8508,2.5,1.65,Yindike,Dalvergia,cultiata,Grah.,7.24,1.3,13,"20° 54' 12.94"" N","95° 14' 13.97"" E",780.94
11,2,8509,2,3.4,Thintwelnyo,Diospyros,mollis,Griff.,11.95,1.3,16,"20° 54' 12.94"" N","95° 14' 13.97"" E",780.94
11,3,8510,0.5,3,Thintwelnyo,Diospyros,mollis,Griff.,9.55,1.3,13,"20° 54' 12.94"" N","95° 14' 13.97"" E",780.94
11,3,8511,0.5,3.3,Thintwelnyo,Diospyros,mollis,Griff.,7.1,1.3,13,"20° 54' 12.94"" N","95° 14' 13.97"" E",780.94
11,4,8513,1.4,4.4,Tawthidin,Mallotus,philippinensis,Lam.,6.62,1.3,12,"20° 54' 12.94"" N","95° 14' 13.97"" E",780.94
11,4,8512,1.9,2,Thintwelnyo,Diospyros,mollis,Griff.,6.5,1.3,11.2,"20° 54' 12.94"" N","95° 14' 13.97"" E",780.94
11,5,8514,2.5,4.1,Thintwelnyo,Diospyros,mollis,Griff.,10.74,1.3,14.1,"20° 54' 12.94"" N","95° 14' 13.97"" E",780.94
11,5,8515,4.65,2.5,Thintwelnyo,Diospyros,mollis,Griff.,9.7,1.3,13,"20° 54' 12.94"" N","95° 14' 13.97"" E",780.94
11,6,8516,0.25,0.9,Tawthidin,Mallotus,philippinensis,Lam.,5.3,1.3,7,"20° 54' 12.94"" N","95° 14' 13.97"" E",780.94
11,7,8517,1.75,1,Aonetone,Litsea,glutinosa,(Lour.)C.B. Rob.,8.14,1.3,11,"20° 54' 12.94"" N","95° 14' 13.97"" E",780.94
11,7,8518,1.85,0.8,Aonetone,Litsea,glutinosa,(Lour.)C.B. Rob.,7.97,1.3,11,"20° 54' 12.94"" N","95° 14' 13.97"" E",780.94
11,7,8520,3,3.45,Kyattatt,Combretum,apetalum,Wall.,5.27,1.3,7,"20° 54' 12.94"" N","95° 14' 13.97"" E",780.94
11,7,8519,2.55,4.45,Thintwelnyo,Diospyros,mollis,Griff.,10.38,1.3,14,"20° 54' 12.94"" N","95° 14' 13.97"" E",780.94
11,8,8521,4.9,4.6,Aonetone,Litsea,glutinosa,(Lour.)C.B. Rob.,8.2,1.3,14,"20° 54' 12.94"" N","95° 14' 13.97"" E",780.94
11,8,8522,4.15,1.9,Kyattatt,Combretum,apetalum,Wall.,4.36,1.3,6.45,"20° 54' 12.94"" N","95° 14' 13.97"" E",780.94
11,8,8523,4.15,2,Kyattatt,Combretum,apetalum,Wall.,6.34,1.3,6.5,"20° 54' 12.94"" N","95° 14' 13.97"" E",780.94
11,9,8524,3.7,3.6,Yindike,Dalvergia,cultiata,Grah.,4.31,1.3,8.7,"20° 54' 12.94"" N","95° 14' 13.97"" E",780.94
11,10,8525,0.75,3,Tamalan,Dalvergia,oliveri,Gamble.,12,1.3,14.1,"20° 54' 12.94"" N","95° 14' 13.97"" E",780.94
11,10,8526,2.7,2.8,Thintwelnyo,Diospyros,mollis,Griff.,4.41,1.3,6,"20° 54' 12.94"" N","95° 14' 13.97"" E",780.94
11,10,8527,4.6,2.45,Thintwelnyo,Diospyros,mollis,Griff.,8.8,1.3,14,"20° 54' 12.94"" N","95° 14' 13.97"" E",780.94
11,11,8528,0.8,2,Kyattatt,Combretum,apetalum,Wall.,6.59,1.3,7,"20° 54' 12.94"" N","95° 14' 13.97"" E",780.94
11,11,8529,0.7,2,Kyattatt,Combretum,apetalum,Wall.,4.57,1.3,9.6,"20° 54' 12.94"" N","95° 14' 13.97"" E",780.94
11,12,8530,2.7,4.3,Oakshit,Aegle,marmelos,(L.)Correa,5.82,1.3,9,"20° 54' 12.94"" N","95° 14' 13.97"" E",780.94
11,12,8531,3.25,0.9,Tawthidin,Mallotus,philippinensis,Lam.,5.03,1.3,8,"20° 54' 12.94"" N","95° 14' 13.97"" E",780.94
11,13,8534,3.25,0.9,Aonetone,Litsea,glutinosa,(Lour.)C.B. Rob.,5.2,1.3,11,"20° 54' 12.94"" N","95° 14' 13.97"" E",780.94
11,13,8532,4.6,4.5,Naywel,Flacourtia,indica,(Burm.F.)Merr,11.87,1.3,12,"20° 54' 12.94"" N","95° 14' 13.97"" E",780.94
11,13,8533,2.7,2.45,Thayetcho,Sideroxylon,burmanicum,Collett&Hemsl.,4.84,1.3,9.2,"20° 54' 12.94"" N","95° 14' 13.97"" E",780.94
11,14,8535,4.6,1.5,Yone,Anogeissus,acuminate,Wall.,5.94,1.3,9,"20° 54' 12.94"" N","95° 14' 13.97"" E",780.94
11,15,8538,3.15,1.4,Thanthay,Stereospermum,neuranthum,Kurz.,5.4,1.3,12,"20° 54' 12.94"" N","95° 14' 13.97"" E",780.94
11,15,8537,2.4,4.5,Thintwelnyo,Diospyros,mollis,Griff.,5.15,1.3,13.5,"20° 54' 12.94"" N","95° 14' 13.97"" E",780.94
11,15,8536,2.25,0.7,Yindike,Dalvergia,cultiata,Grah.,6,1.3,10.6,"20° 54' 12.94"" N","95° 14' 13.97"" E",780.94
11,16,8539,2.4,2,Thintwelnyo,Diospyros,mollis,Griff.,11.75,1.3,14,"20° 54' 12.94"" N","95° 14' 13.97"" E",780.94
11,16,8540,2.65,1.9,Thintwelnyo,Diospyros,mollis,Griff.,13.6,1.3,16,"20° 54' 12.94"" N","95° 14' 13.97"" E",780.94
11,13,3496,0.25,3,Kyattatt,Combretum,apetalum,5,12.7,1.3,8.2,"20° 54' 14.84"" N","95° 14' 18.35"" E",791.11
11,13,3497,3.1,4.75,Yone,Anogeissus,acuminate,7.2,18.3,1.3,12.6,"20° 54' 14.84"" N","95° 14' 18.35"" E",791.11
11,14,3498,4.4,2,Tayaw,Grewia,tiliifolia,5.7,14.5,1.3,12,"20° 54' 14.84"" N","95° 14' 18.35"" E",791.11
11,15,3499,2.45,3.9,Yone,Anogeissus,acuminate,12,30.5,1.3,21,"20° 54' 14.84"" N","95° 14' 18.35"" E",791.11
11,15,3500,2.4,2.9,Yuzana,Murraya,paniculata,5.08,12.9,1.3,7.4,"20° 54' 14.84"" N","95° 14' 18.35"" E",791.11
11,16,3602,3.2,3.05,Naywel,Flacourtia,indica,7.85,19.9,1.3,10,"20° 54' 14.84"" N","95° 14' 18.35"" E",791.11
11,16,3601,3.3,4.5,Yamane,Gmelina,arborea,13,33,1.3,17.2,"20° 54' 14.84"" N","95° 14' 18.35"" E",791.11
11,16,3603,3.35,1.5,Zeebyu,Phyllanthus,emblica,4.15,10.5,1.5,5.2,"20° 54' 14.84"" N","95° 14' 18.35"" E",791.11
12,1,3478,4.6,0.8,Thintwelnyo,Diospyros,mollis,Griff.,15.34,1.3,17,"20° 54' 14.84"" N","95° 14' 18.35"" E",791.11
12,1,3477,0.5,2.05,Thitsaint,Terminalia,bellirica,(Gaerth.)Roxb.,13.44,1.3,17,"20° 54' 14.84"" N","95° 14' 18.35"" E",791.11
12,2,3480,4.65,3.5,Kyunkhauknwe,Vitex,limonifolia,Wall.,6.5,1.3,15,"20° 54' 14.84"" N","95° 14' 18.35"" E",791.11
12,2,3481,4.7,0.9,Thintwelnyo,Diospyros,mollis,Griff.,9.9,1.3,7.2,"20° 54' 14.84"" N","95° 14' 18.35"" E",791.11
12,2,3479,3.7,3.65,Yone,Anogeissus,acuminate,Wall.,7.88,1.3,15,"20° 54' 14.84"" N","95° 14' 18.35"" E",791.11
12,3,3483,3.1,4.75,Kyunkhauknwe,Vitex,limonifolia,Wall.,5.68,1.5,11,"20° 54' 14.84"" N","95° 14' 18.35"" E",791.11
12,3,3482,1.9,2.25,Yone,Anogeissus,acuminate,Wall.,8.5,1.3,12.5,"20° 54' 14.84"" N","95° 14' 18.35"" E",791.11
12,4,3484,4.55,0.7,Tawthidin,Mallotus,philippinensis,Lam.,11.7,2,15,"20° 54' 14.84"" N","95° 14' 18.35"" E",791.11
12,5,3485,0.2,4.25,Kyattatt,Combretum,apetalum,Wall.,4.45,1.3,10,"20° 54' 14.84"" N","95° 14' 18.35"" E",791.11
12,5,3486,3.15,0.75,Naywel,Flacourtia,indica,(Burm.F.)Merr,7.7,1.3,16,"20° 54' 14.84"" N","95° 14' 18.35"" E",791.11
12,6,3487,0.65,1.9,Naywel,Flacourtia,indica,(Burm.F.)Merr,4.44,1.3,8.7,"20° 54' 14.84"" N","95° 14' 18.35"" E",791.11
12,6,3489,3.4,1.85,Tayaw,Grewia,tiliifolia,Vahl,14.1,1.3,12.3,"20° 54' 14.84"" N","95° 14' 18.35"" E",791.11
12,6,3488,0.45,4.6,Yone,Anogeissus,acuminate,Wall.,11.1,1.3,16.5,"20° 54' 14.84"" N","95° 14' 18.35"" E",791.11
12,7,NA,NA,NA,NA,NA,NA,NA,NA,NA,NA,"20° 54' 14.84"" N","95° 14' 18.35"" E",791.11
12,8,NA,NA,NA,NA,NA,NA,NA,NA,NA,NA,"20° 54' 14.84"" N","95° 14' 18.35"" E",791.11
12,9,3490,2.45,2.95,Zeebyu,Phyllanthus,emblica,L.,4.45,1.3,10.1,"20° 54' 14.84"" N","95° 14' 18.35"" E",791.11
12,10,3493,3.9,3,Kyattatt,Combretum,apetalum,Wall.,7.05,1.3,10,"20° 54' 14.84"" N","95° 14' 18.35"" E",791.11
12,10,3491,1.6,0.3,Yone,Anogeissus,acuminate,Wall.,7.07,1.3,12,"20° 54' 14.84"" N","95° 14' 18.35"" E",791.11
12,10,3492,1.55,3,Yone,Anogeissus,acuminate,Wall.,10.7,1.3,20.5,"20° 54' 14.84"" N","95° 14' 18.35"" E",791.11
12,11,3494,2.85,2.35,Thintwelnyo,Diospyros,mollis,Griff.,11.9,1.3,14.1,"20° 54' 14.84"" N","95° 14' 18.35"" E",791.11
12,11,3495,4.75,3.8,Thitsaint,Terminalia,bellirica,(Gaerth.)Roxb.,8.67,1.3,18.7,"20° 54' 14.84"" N","95° 14' 18.35"" E",791.11
12,12,NA,NA,NA,NA,NA,NA,NA,NA,NA,NA,"20° 54' 14.84"" N","95° 14' 18.35"" E",791.11
12,13,3496,0.25,3,Kyattatt,Combretum,apetalum,Wall.,5,1.3,8.2,"20° 54' 14.84"" N","95° 14' 18.35"" E",791.11
12,13,3497,3.1,4.75,Yone,Anogeissus,acuminate,Wall.,7.2,1.3,12.6,"20° 54' 14.84"" N","95° 14' 18.35"" E",791.11
12,14,3498,4.4,2,Tayaw,Grewia,tiliifolia,Vahl,5.7,1.3,12,"20° 54' 14.84"" N","95° 14' 18.35"" E",791.11
12,15,3499,2.45,3.9,Yone,Anogeissus,acuminate,Wall.,12,1.3,21,"20° 54' 14.84"" N","95° 14' 18.35"" E",791.11
12,15,3500,2.4,2.9,Yuzana,Murraya,paniculata,(L.)Jack,5.08,1.3,7.4,"20° 54' 14.84"" N","95° 14' 18.35"" E",791.11
12,16,3602,3.2,3.05,Naywel,Flacourtia,indica,(Burm.F.)Merr,7.85,1.3,10,"20° 54' 14.84"" N","95° 14' 18.35"" E",791.11
12,16,3601,3.3,4.5,Yamane,Gmelina,arborea,Roxb.,13,1.3,17.2,"20° 54' 14.84"" N","95° 14' 18.35"" E",791.11
12,16,3603,3.35,1.5,Zeebyu,Phyllanthus,emblica,L.,4.15,1.5,5.2,"20° 54' 14.84"" N","95° 14' 18.35"" E",791.11
13,1,8506,1.7,2,Kyattatt,Combretum,apetalum,5.4,13.7,1.3,9,"20° 54' 12.94"" N","95° 14' 13.97"" E",780.94
13,1,8505,1.7,0.9,Yindike,Dalvergia,cultiata,7.92,20.1,1.3,11,"20° 54' 12.94"" N","95° 14' 13.97"" E",780.94
13,1,8507,2.5,1.5,Yindike,Dalvergia,cultiata,7.8,19.8,1.3,13,"20° 54' 12.94"" N","95° 14' 13.97"" E",780.94
13,1,8508,2.5,1.65,Yindike,Dalvergia,cultiata,7.24,18.4,1.3,13,"20° 54' 12.94"" N","95° 14' 13.97"" E",780.94
13,2,8509,2,3.4,Thintwelnyo,Diospyros,mollis,11.95,30.4,1.3,16,"20° 54' 12.94"" N","95° 14' 13.97"" E",780.94
13,3,8510,0.5,3,Thintwelnyo,Diospyros,mollis,9.55,24.3,1.3,13,"20° 54' 12.94"" N","95° 14' 13.97"" E",780.94
13,3,8511,0.5,3.3,Thintwelnyo,Diospyros,mollis,7.1,18,1.3,13,"20° 54' 12.94"" N","95° 14' 13.97"" E",780.94
13,4,8513,1.4,4.4,Tawthidin,Mallotus,philippinensis,6.62,16.8,1.3,12,"20° 54' 12.94"" N","95° 14' 13.97"" E",780.94
13,4,8512,1.9,2,Thintwelnyo,Diospyros,mollis,6.5,16.5,1.3,11.2,"20° 54' 12.94"" N","95° 14' 13.97"" E",780.94
13,5,8514,2.5,4.1,Thintwelnyo,Diospyros,mollis,10.74,27.3,1.3,14.1,"20° 54' 12.94"" N","95° 14' 13.97"" E",780.94
13,5,8515,4.65,2.5,Thintwelnyo,Diospyros,mollis,9.7,24.6,1.3,13,"20° 54' 12.94"" N","95° 14' 13.97"" E",780.94
13,6,8516,0.25,0.9,Tawthidin,Mallotus,philippinensis,5.3,13.5,1.3,7,"20° 54' 12.94"" N","95° 14' 13.97"" E",780.94
13,7,8517,1.75,1,Aonetone,Litsea,glutinosa,8.14,20.7,1.3,11,"20° 54' 12.94"" N","95° 14' 13.97"" E",780.94
13,7,8518,1.85,0.8,Aonetone,Litsea,glutinosa,7.97,20.2,1.3,11,"20° 54' 12.94"" N","95° 14' 13.97"" E",780.94
13,7,8520,3,3.45,Kyattatt,Combretum,apetalum,5.27,13.4,1.3,7,"20° 54' 12.94"" N","95° 14' 13.97"" E",780.94
13,7,8519,2.55,4.45,Thintwelnyo,Diospyros,mollis,10.38,26.4,1.3,14,"20° 54' 12.94"" N","95° 14' 13.97"" E",780.94
13,8,8521,4.9,4.6,Aonetone,Litsea,glutinosa,8.2,20.8,1.3,14,"20° 54' 12.94"" N","95° 14' 13.97"" E",780.94
13,8,8522,4.15,1.9,Kyattatt,Combretum,apetalum,4.36,11.1,1.3,6.45,"20° 54' 12.94"" N","95° 14' 13.97"" E",780.94
13,8,8523,4.15,2,Kyattatt,Combretum,apetalum,6.34,16.1,1.3,6.5,"20° 54' 12.94"" N","95° 14' 13.97"" E",780.94
13,9,8524,3.7,3.6,Yindike,Dalvergia,cultiata,4.31,10.9,1.3,8.7,"20° 54' 12.94"" N","95° 14' 13.97"" E",780.94
13,10,8525,0.75,3,Tamalan,Dalvergia,oliveri,12,30.5,1.3,14.1,"20° 54' 12.94"" N","95° 14' 13.97"" E",780.94
13,10,8526,2.7,2.8,Thintwelnyo,Diospyros,mollis,4.41,11.2,1.3,6,"20° 54' 12.94"" N","95° 14' 13.97"" E",780.94
13,10,8527,4.6,2.45,Thintwelnyo,Diospyros,mollis,8.8,22.4,1.3,14,"20° 54' 12.94"" N","95° 14' 13.97"" E",780.94
13,11,8528,0.8,2,Kyattatt,Combretum,apetalum,6.59,16.7,1.3,7,"20° 54' 12.94"" N","95° 14' 13.97"" E",780.94
13,11,8529,0.7,2,Kyattatt,Combretum,apetalum,4.57,11.6,1.3,9.6,"20° 54' 12.94"" N","95° 14' 13.97"" E",780.94
13,12,8530,2.7,4.3,Oakshit,Aegle,marmelos,5.82,14.8,1.3,9,"20° 54' 12.94"" N","95° 14' 13.97"" E",780.94
13,12,8531,3.25,0.9,Tawthidin,Mallotus,philippinensis,5.03,12.8,1.3,8,"20° 54' 12.94"" N","95° 14' 13.97"" E",780.94
13,13,8534,3.25,0.9,Aonetone,Litsea,glutinosa,5.2,13.2,1.3,11,"20° 54' 12.94"" N","95° 14' 13.97"" E",780.94
13,13,8532,4.6,4.5,Naywel,Flacourtia,indica,11.87,30.1,1.3,12,"20° 54' 12.94"" N","95° 14' 13.97"" E",780.94
13,13,8533,2.7,2.45,Thayetcho,Sideroxylon,burmanicum,4.84,12.3,1.3,9.2,"20° 54' 12.94"" N","95° 14' 13.97"" E",780.94
13,14,8535,4.6,1.5,Yone,Anogeissus,acuminate,5.94,15.1,1.3,9,"20° 54' 12.94"" N","95° 14' 13.97"" E",780.94
13,15,8538,3.15,1.4,Thanthay,Stereospermum,neuranthum,5.4,13.7,1.3,12,"20° 54' 12.94"" N","95° 14' 13.97"" E",780.94
13,15,8537,2.4,4.5,Thintwelnyo,Diospyros,mollis,5.15,13.1,1.3,13.5,"20° 54' 12.94"" N","95° 14' 13.97"" E",780.94
13,15,8536,2.25,0.7,Yindike,Dalvergia,cultiata,6,15.2,1.3,10.6,"20° 54' 12.94"" N","95° 14' 13.97"" E",780.94
13,16,8539,2.4,2,Thintwelnyo,Diospyros,mollis,11.75,29.8,1.3,14,"20° 54' 12.94"" N","95° 14' 13.97"" E",780.94
13,16,8540,2.65,1.9,Thintwelnyo,Diospyros,mollis,13.6,34.5,1.3,16,"20° 54' 12.94"" N","95° 14' 13.97"" E",780.94
14,1,3372,0.7,4.5,Tawkyatsar,Chiolanthus,ramiflorus,6.76,17.2,1.3,8.8,"20° 54' 20.09"" N","95° 14' 20.24"" E",841.57
14,2,3375,2,1.75,Aonetone,Litsea,glutinosa,7.2,18.3,1.3,10,"20° 54' 20.09"" N","95° 14' 20.24"" E",841.57
14,2,3373,2,0.3,Kyunkhauknwe,Vitex,limonifolia,5.68,14.4,1.3,9.5,"20° 54' 20.09"" N","95° 14' 20.24"" E",841.57
14,2,3374,1.9,0.5,Kyunkhauknwe,Vitex,limonifolia,6.19,15.7,1.3,9.5,"20° 54' 20.09"" N","95° 14' 20.24"" E",841.57
14,2,3376,3,2.55,Thayingyi,Croton,laevigatus,8.5,21.6,1.3,12,"20° 54' 20.09"" N","95° 14' 20.24"" E",841.57
14,2,3377,3.4,2.35,Yone,Anogeissus,acuminate,4.25,10.8,1.3,13,"20° 54' 20.09"" N","95° 14' 20.24"" E",841.57
14,3,3379,2.7,4,Aonetone,Litsea,glutinosa,7.9,20.1,1.3,13,"20° 54' 20.09"" N","95° 14' 20.24"" E",841.57
14,3,3378,2,0.65,Kwanlein,Ardisia,aff polycephala,6.05,15.4,1.3,4,"20° 54' 20.09"" N","95° 14' 20.24"" E",841.57
14,4,3381,0.6,2.65,Bonmelzar,Albizia,chinensis,7.4,18.8,1.3,10.9,"20° 54' 20.09"" N","95° 14' 20.24"" E",841.57
14,4,3382,2.6,3.9,Kayamet,Pterospermum,diversifolium,8.3,21.1,1.3,13,"20° 54' 20.09"" N","95° 14' 20.24"" E",841.57
14,4,3385,4.95,4,Tawkyatsar,Chiolanthus,ramiflorus,6.54,16.6,1.3,10.1,"20° 54' 20.09"" N","95° 14' 20.24"" E",841.57
14,4,3383,3,4.5,Tawthayet,Mangifera,sylvatica,10.5,26.7,1.3,11,"20° 54' 20.09"" N","95° 14' 20.24"" E",841.57
14,4,3380,0.8,2.5,Thayingyi,Croton,laevigatus,5.4,13.7,1.3,7,"20° 54' 20.09"" N","95° 14' 20.24"" E",841.57
14,5,3386,0.65,2.3,Kyunkhauknwe,Vitex,limonifolia,10.24,26,1.3,10,"20° 54' 20.09"" N","95° 14' 20.24"" E",841.57
14,6,3387,2,2.4,Tawthidin,Mallotus,philippinensis,7.68,19.5,1.3,11,"20° 54' 20.09"" N","95° 14' 20.24"" E",841.57
14,6,3388,1.9,2.55,Tawthidin,Mallotus,philippinensis,5.4,13.7,1.3,11,"20° 54' 20.09"" N","95° 14' 20.24"" E",841.57
14,6,3389,1.9,2.6,Tawthidin,Mallotus,philippinensis,5.7,14.5,1.3,11,"20° 54' 20.09"" N","95° 14' 20.24"" E",841.57
14,6,3390,2.2,2.6,Tawthidin,Mallotus,philippinensis,8,20.3,1.3,11,"20° 54' 20.09"" N","95° 14' 20.24"" E",841.57
14,7,3400,0.5,2.5,Thayingyi,Croton,laevigatus,4.95,12.6,1.3,12,"20° 54' 20.09"" N","95° 14' 20.24"" E",841.57
14,8,3399,3,0.9,Thitsaint,Terminalia,bellirica,10.45,26.5,1.3,12,"20° 54' 20.09"" N","95° 14' 20.24"" E",841.57
14,9,3398,2.5,4.2,Thayingyi,Croton,laevigatus,5.3,13.5,1.3,6.4,"20° 54' 20.09"" N","95° 14' 20.24"" E",841.57
14,9,3397,2.5,4.56,Thayingyi,Croton,laevigatus,5,12.7,1.3,7,"20° 54' 20.09"" N","95° 14' 20.24"" E",841.57
14,10,3396,1.1,2.85,Lathtoke,Holarrhena,pubescens,5.49,13.9,1.3,8.3,"20° 54' 20.09"" N","95° 14' 20.24"" E",841.57
14,10,3395,4.5,2.1,Zinbyun,Dillenia,pentagyna,5.02,12.8,1.3,10.9,"20° 54' 20.09"" N","95° 14' 20.24"" E",841.57
14,11,3394,0.65,1.65,Hmike,Cordia,grandis,5.4,13.7,1.3,7,"20° 54' 20.09"" N","95° 14' 20.24"" E",841.57
14,11,3392,4,4.4,Kayamet,Pterospermum,diversifolium,8.31,21.1,1.3,12.9,"20° 54' 20.09"" N","95° 14' 20.24"" E",841.57
14,11,3393,0.9,4.55,Thadi,Protium,serratum,9.14,23.2,1.3,14,"20° 54' 20.09"" N","95° 14' 20.24"" E",841.57
14,12,3391,2.5,3,Tawthidin,Mallotus,philippinensis,6.59,16.7,1.3,8.7,"20° 54' 20.09"" N","95° 14' 20.24"" E",841.57
14,12,8501,4,1.2,Thadi,Protium,serratum,10.84,27.5,1.3,14,"20° 54' 20.09"" N","95° 14' 20.24"" E",841.57
14,12,8502,3,0.5,Thayingyi,Croton,laevigatus,4.3,10.9,1.3,10,"20° 54' 20.09"" N","95° 14' 20.24"" E",841.57
14,13,NA,NA,NA,NA,NA,NA,NA,NA,NA,NA,"20° 54' 20.09"" N","95° 14' 20.24"" E",841.57
14,14,8503,4,1.5,Phatsutt,Eriobortrya,bengalensis,4.12,10.5,1.3,6,"20° 54' 20.09"" N","95° 14' 20.24"" E",841.57
14,15,NA,NA,NA,NA,NA,NA,NA,NA,NA,NA,"20° 54' 20.09"" N","95° 14' 20.24"" E",841.57
14,16,8504,3,0.5,Unknown,NA,NA,4.95,12.6,1.3,8,"20° 54' 20.09"" N","95° 14' 20.24"" E",841.57
15,1,8571,3.1,4,Kyattatt,Combretum,apetalum,4.15,10.5,1.3,9,"20° 54' 26.14"" N","95° 14' 20.86"" E",885.75
15,1,8569,1.25,2,Thadi,Protium,serratum,5.4,13.7,1.3,5.9,"20° 54' 26.14"" N","95° 14' 20.86"" E",885.75
15,1,8570,2,4.6,Thitsaint,Terminalia,bellirica,9.6,24.4,1.3,14,"20° 54' 26.14"" N","95° 14' 20.86"" E",885.75
15,1,8572,2.7,3.6,Yone,Anogeissus,acuminate,4.9,12.4,1.3,10,"20° 54' 26.14"" N","95° 14' 20.86"" E",885.75
15,2,8574,4.7,4.15,Naywel,Flacourtia,indica,5.35,13.6,1.3,8.9,"20° 54' 26.14"" N","95° 14' 20.86"" E",885.75
15,2,8573,1.6,0.6,Yinmar,Chukrafia,tabularis,10,25.4,1.3,15,"20° 54' 26.14"" N","95° 14' 20.86"" E",885.75
15,3,8575,1.65,2,Daukya,Synplocos,racemosa,8.45,21.5,1.3,1.8,"20° 54' 26.14"" N","95° 14' 20.86"" E",885.75
15,4,8576,1.8,1.9,Phatsutt,Eriobortrya,bengalensis,5.15,13.1,1.3,9.7,"20° 54' 26.14"" N","95° 14' 20.86"" E",885.75
15,4,8577,4.6,4.45,Phatsutt,Eriobortrya,bengalensis,8.35,21.2,1.3,10.5,"20° 54' 26.14"" N","95° 14' 20.86"" E",885.75
15,5,8578,1.75,0.65,Naywel,Flacourtia,indica,10.15,25.8,1.3,11,"20° 54' 26.14"" N","95° 14' 20.86"" E",885.75
15,5,8579,1.75,0.85,Naywel,Flacourtia,indica,10.7,27.2,1.3,12,"20° 54' 26.14"" N","95° 14' 20.86"" E",885.75
15,6,8581,4.2,2.65,Thadi,Protium,serratum,8.2,20.8,1.3,10.5,"20° 54' 26.14"" N","95° 14' 20.86"" E",885.75
15,6,8582,4.35,2.63,Thadi,Protium,serratum,8.2,20.8,1.3,4.5,"20° 54' 26.14"" N","95° 14' 20.86"" E",885.75
15,6,8580,3,1,Thayetcho,Sideroxylon,burmanicum,5.95,15.1,1.3,10,"20° 54' 26.14"" N","95° 14' 20.86"" E",885.75
15,7,NA,NA,NA,NA,NA,NA,NA,NA,NA,NA,"20° 54' 26.14"" N","95° 14' 20.86"" E",885.75
15,8,8583,1.95,0.6,Naywel,Flacourtia,indica,4.4,11.2,1.5,6.3,"20° 54' 26.14"" N","95° 14' 20.86"" E",885.75
15,8,8584,2.1,0.75,Naywel,Flacourtia,indica,8.35,21.2,1.3,6.3,"20° 54' 26.14"" N","95° 14' 20.86"" E",885.75
15,9,8585,2.8,4.15,Naywel,Flacourtia,indica,5.17,13.1,1.3,9.5,"20° 54' 26.14"" N","95° 14' 20.86"" E",885.75
15,10,8587,2.4,3,Banbwe,Careya,arborea,13.3,33.8,1.3,11.2,"20° 54' 26.14"" N","95° 14' 20.86"" E",885.75
15,10,8586,2.1,0.7,Naywel,Flacourtia,indica,5.82,14.8,1.3,10.8,"20° 54' 26.14"" N","95° 14' 20.86"" E",885.75
15,10,8588,3.5,3.5,Naywel,Flacourtia,indica,7.5,19.1,1.3,11.2,"20° 54' 26.14"" N","95° 14' 20.86"" E",885.75
15,10,8589,3,0.95,Naywel,Flacourtia,indica,6.7,17,1.3,11.2,"20° 54' 26.14"" N","95° 14' 20.86"" E",885.75
15,11,8590,1,1.8,Daukya,Synplocos,racemosa,5.23,13.3,1.3,12,"20° 54' 26.14"" N","95° 14' 20.86"" E",885.75
15,11,8591,4,2.1,Kayamet,Pterospermum,diversifolium,6.84,17.4,1.3,13,"20° 54' 26.14"" N","95° 14' 20.86"" E",885.75
15,12,NA,NA,NA,NA,NA,NA,NA,NA,NA,NA,"20° 54' 26.14"" N","95° 14' 20.86"" E",885.75
15,13,8592,1.4,4,Seinpangyi,Delonix,regia,35.9,91.2,1.3,24,"20° 54' 26.14"" N","95° 14' 20.86"" E",885.75
15,14,8593,3.35,3.5,Phatsutt,Eriobortrya,bengalensis,12.33,31.3,1.3,14,"20° 54' 26.14"" N","95° 14' 20.86"" E",885.75
15,15,NA,NA,NA,NA,NA,NA,NA,NA,NA,NA,"20° 54' 26.14"" N","95° 14' 20.86"" E",885.75
15,16,8594,1.1,2.5,Naywel,Flacourtia,indica,5.34,13.6,1.3,8,"20° 54' 26.14"" N","95° 14' 20.86"" E",885.75
15,16,8596,3.6,2.25,Tawthayet,Mangifera,sylvatica,17.45,44.3,1.3,17.8,"20° 54' 26.14"" N","95° 14' 20.86"" E",885.75
15,16,8595,4.5,2.65,Thabyay,Pugenia,jambolana,6.6,16.8,1.3,7.1,"20° 54' 26.14"" N","95° 14' 20.86"" E",885.75
16,1,8541,4,0.8,Thadi,Protium,serratum,7.9,20.1,1.3,12,"20° 54' 29.72"" N","95° 14' 23.02"" E",919.61
16,1,8542,4.3,0.85,Thadi,Protium,serratum,7,17.8,1.3,12,"20° 54' 29.72"" N","95° 14' 23.02"" E",919.61
16,2,8543,1.6,1.9,Yone,Anogeissus,acuminate,8.2,20.8,1.3,7.7,"20° 54' 29.72"" N","95° 14' 23.02"" E",919.61
16,2,8544,1,2.2,Yone,Anogeissus,acuminate,26.6,67.6,1.3,13,"20° 54' 29.72"" N","95° 14' 23.02"" E",919.61
16,3,NA,NA,NA,NA,NA,NA,NA,NA,NA,NA,"20° 54' 29.72"" N","95° 14' 23.02"" E",919.61
16,4,NA,NA,NA,NA,NA,NA,NA,NA,NA,NA,"20° 54' 29.72"" N","95° 14' 23.02"" E",919.61
16,5,8546,0.65,4.4,Bonmelzar,Albizia,chinensis,15.8,40.1,1.3,19.3,"20° 54' 29.72"" N","95° 14' 23.02"" E",919.61
16,5,8545,2.1,0.9,Tawshauk,Glycosmis,pantaphylla,6.25,15.9,1.3,11,"20° 54' 29.72"" N","95° 14' 23.02"" E",919.61
16,5,8547,4.75,3.9,Tawshauk,Glycosmis,pantaphylla,5.78,14.7,1.3,13,"20° 54' 29.72"" N","95° 14' 23.02"" E",919.61
16,5,8548,3.2,2.6,Tawshauk,Glycosmis,pantaphylla,4.9,12.4,1.3,9,"20° 54' 29.72"" N","95° 14' 23.02"" E",919.61
16,6,8549,1.4,3.3,Yindike,Dalvergia,cultiata,14.93,37.9,1.3,18.8,"20° 54' 29.72"" N","95° 14' 23.02"" E",919.61
16,7,8551,1.65,2.9,Banbwe,Careya,arborea,23.55,59.8,1.3,18,"20° 54' 29.72"" N","95° 14' 23.02"" E",919.61
16,7,8550,2.15,1.05,Tawshauk,Glycosmis,pantaphylla,4.97,12.6,1.3,8.5,"20° 54' 29.72"" N","95° 14' 23.02"" E",919.61
16,8,8552,4,4,Yone,Anogeissus,acuminate,11.24,28.5,2,12,"20° 54' 29.72"" N","95° 14' 23.02"" E",919.61
16,8,8553,4,3.5,Yone,Anogeissus,acuminate,12.8,32.5,2,14,"20° 54' 29.72"" N","95° 14' 23.02"" E",919.61
16,9,8554,2.1,3.5,Thayetcho,Sideroxylon,burmanicum,5.3,13.5,1.3,9.5,"20° 54' 29.72"" N","95° 14' 23.02"" E",919.61
16,9,8555,4.4,3,Thayetcho,Sideroxylon,burmanicum,5.48,13.9,1.3,8,"20° 54' 29.72"" N","95° 14' 23.02"" E",919.61
16,10,8556,1.3,4,Banbwe,Careya,arborea,13.84,35.2,1.3,18,"20° 54' 29.72"" N","95° 14' 23.02"" E",919.61
16,11,8558,2.2,4.15,Linlonn,Sapium,baccatum,22.46,57,1.3,20,"20° 54' 29.72"" N","95° 14' 23.02"" E",919.61
16,11,8557,0.2,2.1,Phatsutt,Eriobortrya,bengalensis,5.2,13.2,1.3,10.1,"20° 54' 29.72"" N","95° 14' 23.02"" E",919.61
16,11,8559,3.45,0.3,Tawshauk,Glycosmis,pantaphylla,4.61,11.7,1.3,10.5,"20° 54' 29.72"" N","95° 14' 23.02"" E",919.61
16,12,8560,1.25,2.05,Tawshauk,Glycosmis,pantaphylla,4.52,11.5,1.3,13,"20° 54' 29.72"" N","95° 14' 23.02"" E",919.61
16,12,8561,1.5,3.5,Tawshauk,Glycosmis,pantaphylla,6.91,17.6,1.3,13,"20° 54' 29.72"" N","95° 14' 23.02"" E",919.61
16,12,8562,4.4,3,Tawshauk,Glycosmis,pantaphylla,5.83,14.8,1.3,18,"20° 54' 29.72"" N","95° 14' 23.02"" E",919.61
16,13,8564,3.5,0.6,Tawshauk,Glycosmis,pantaphylla,4.7,11.9,1.3,10.1,"20° 54' 29.72"" N","95° 14' 23.02"" E",919.61
16,13,8563,4.7,4.9,Thabyay,Pugenia,jambolana,9.75,24.8,1.3,12,"20° 54' 29.72"" N","95° 14' 23.02"" E",919.61
16,14,8567,4.15,3,Banbwe,Careya,arborea,11.44,29.1,1.5,10.2,"20° 54' 29.72"" N","95° 14' 23.02"" E",919.61
16,14,8565,1.9,0.4,Phatsutt,Eriobortrya,bengalensis,4.1,10.4,1.3,12,"20° 54' 29.72"" N","95° 14' 23.02"" E",919.61
16,14,8566,0.85,4,Thabyay,Pugenia,jambolana,14.82,37.6,1.3,13,"20° 54' 29.72"" N","95° 14' 23.02"" E",919.61
16,15,NA,NA,NA,NA,NA,NA,NA,NA,NA,NA,"20° 54' 29.72"" N","95° 14' 23.02"" E",919.61
16,16,8568,3,1.1,Phatsutt,Eriobortrya,bengalensis,6.47,16.4,1.5,12,"20° 54' 29.72"" N","95° 14' 23.02"" E",919.61
17,1,8787,0.75,1.9,Thayingyi,Croton,laevigatus,5.32,13.5,1.3,13,"20° 54' 33.32"" N","95° 14' 23.80"" E",951.2
17,1,8788,3.1,4.6,Thayingyi,Croton,laevigatus,6.4,16.3,1.3,12,"20° 54' 33.32"" N","95° 14' 23.80"" E",951.2
17,1,8789,4.5,3.3,Thayingyi,Croton,laevigatus,7.07,18,1.3,10.6,"20° 54' 33.32"" N","95° 14' 23.80"" E",951.2
17,1,8790,3.1,3,Thayingyi,Croton,laevigatus,6.4,16.3,1.3,10,"20° 54' 33.32"" N","95° 14' 23.80"" E",951.2
17,1,8791,3,2.25,Thayingyi,Croton,laevigatus,7,17.8,1.3,11.9,"20° 54' 33.32"" N","95° 14' 23.80"" E",951.2
17,2,8793,3.35,2.2,Bonmelzar,Albizia,chinensis,6.45,16.4,1.3,12.5,"20° 54' 33.32"" N","95° 14' 23.80"" E",951.2
17,2,8792,2,3.45,Tawshauk,Glycosmis,pantaphylla,6.55,16.6,1.3,12,"20° 54' 33.32"" N","95° 14' 23.80"" E",951.2
17,3,8795,1.8,1.15,Tawshauk,Glycosmis,pantaphylla,5.6,14.2,1.3,10.5,"20° 54' 33.32"" N","95° 14' 23.80"" E",951.2
17,3,8794,1.85,0.6,Thadi,Protium,serratum,10.8,27.4,1.3,11.8,"20° 54' 33.32"" N","95° 14' 23.80"" E",951.2
17,3,8796,2.2,1.7,Thadi,Protium,serratum,7.98,20.3,1.3,12.2,"20° 54' 33.32"" N","95° 14' 23.80"" E",951.2
17,4,8798,4.2,3.9,Kayamet,Pterospermum,diversifolium,7.52,19.1,1.3,14,"20° 54' 33.32"" N","95° 14' 23.80"" E",951.2
17,4,8797,3.5,4.25,Phatsutt,Eriobortrya,bengalensis,4.37,11.1,1.3,8.4,"20° 54' 33.32"" N","95° 14' 23.80"" E",951.2
17,5,8800,0.2,1.45,Aonetone,Litsea,glutinosa,4.35,11,1.3,11,"20° 54' 33.32"" N","95° 14' 23.80"" E",951.2
17,5,8799,0.75,0.5,Daukya,Synplocos,racemosa,9.72,24.7,1.5,13,"20° 54' 33.32"" N","95° 14' 23.80"" E",951.2
17,5,3402,3.8,3.4,Tawshauk,Glycosmis,pantaphylla,7.7,19.6,1.3,10.7,"20° 54' 33.32"" N","95° 14' 23.80"" E",951.2
17,6,3403,1.25,4.5,Daukya,Synplocos,racemosa,4.85,12.3,1.3,7.5,"20° 54' 33.32"" N","95° 14' 23.80"" E",951.2
17,6,3404,1.5,4.5,Daukya,Synplocos,racemosa,4.78,12.1,1.3,10,"20° 54' 33.32"" N","95° 14' 23.80"" E",951.2
17,6,3405,3.25,3.4,Daukya,Synplocos,racemosa,13,33,1.3,15.5,"20° 54' 33.32"" N","95° 14' 23.80"" E",951.2
17,6,3406,3.4,1.9,Phatsutt,Eriobortrya,bengalensis,4.94,12.5,1.3,9.5,"20° 54' 33.32"" N","95° 14' 23.80"" E",951.2
17,7,3409,2.7,2,Aonetone,Litsea,glutinosa,4.83,12.3,1.3,11,"20° 54' 33.32"" N","95° 14' 23.80"" E",951.2
17,7,3407,0.2,4.05,Thayingyi,Croton,laevigatus,6.5,16.5,1.3,11.4,"20° 54' 33.32"" N","95° 14' 23.80"" E",951.2
17,7,3408,4.5,2.5,Thayingyi,Croton,laevigatus,7.1,18,1.3,12,"20° 54' 33.32"" N","95° 14' 23.80"" E",951.2
17,8,3410,2.15,0.9,Thayingyi,Croton,laevigatus,5.2,13.2,1.3,8.7,"20° 54' 33.32"" N","95° 14' 23.80"" E",951.2
17,8,3413,3,1.5,Thayingyi,Croton,laevigatus,4.98,12.6,1.3,9,"20° 54' 33.32"" N","95° 14' 23.80"" E",951.2
17,8,3411,4.2,2.5,Thitsaint,Terminalia,bellirica,12.1,30.7,1.3,16.4,"20° 54' 33.32"" N","95° 14' 23.80"" E",951.2
17,8,3412,4.5,2.15,Thitsaint,Terminalia,bellirica,12.62,32.1,1.3,16.4,"20° 54' 33.32"" N","95° 14' 23.80"" E",951.2
17,9,3414,0.5,0.7,Thayingyi,Croton,laevigatus,6.5,16.5,1.3,9,"20° 54' 33.32"" N","95° 14' 23.80"" E",951.2
17,9,3415,2.05,4.65,Thayingyi,Croton,laevigatus,5.9,15,1.3,17.1,"20° 54' 33.32"" N","95° 14' 23.80"" E",951.2
17,9,3416,3.5,2.8,Thitsaint,Terminalia,bellirica,12.85,32.6,1.3,18,"20° 54' 33.32"" N","95° 14' 23.80"" E",951.2
17,10,3418,0.3,1.5,Tawshauk,Glycosmis,pantaphylla,5.1,13,1.3,10,"20° 54' 33.32"" N","95° 14' 23.80"" E",951.2
17,10,3417,2.3,0.4,Thayingyi,Croton,laevigatus,7.06,17.9,1.3,11,"20° 54' 33.32"" N","95° 14' 23.80"" E",951.2
17,10,3419,2.5,4.8,Thayingyi,Croton,laevigatus,5.98,15.2,1.3,9.4,"20° 54' 33.32"" N","95° 14' 23.80"" E",951.2
17,10,3420,3.5,2.75,Thayingyi,Croton,laevigatus,5.67,14.4,1.3,11.2,"20° 54' 33.32"" N","95° 14' 23.80"" E",951.2
17,10,3421,3.35,2,Thayingyi,Croton,laevigatus,7.15,18.2,1.3,11,"20° 54' 33.32"" N","95° 14' 23.80"" E",951.2
17,10,3422,2.9,2,Thayingyi,Croton,laevigatus,4.8,12.2,1.3,11,"20° 54' 33.32"" N","95° 14' 23.80"" E",951.2
17,11,3424,1.25,2.9,Bonmelzar,Albizia,chinensis,6.02,15.3,1.3,12.7,"20° 54' 33.32"" N","95° 14' 23.80"" E",951.2
17,11,3425,4.4,0.5,Phatsutt,Eriobortrya,bengalensis,11.6,29.5,1.3,17.5,"20° 54' 33.32"" N","95° 14' 23.80"" E",951.2
17,11,3423,2.2,0.2,Thayingyi,Croton,laevigatus,5.33,13.5,1.3,9.5,"20° 54' 33.32"" N","95° 14' 23.80"" E",951.2
17,11,3426,3,0.2,Zeebyu,Phyllanthus,emblica,6.8,17.3,1.5,12.5,"20° 54' 33.32"" N","95° 14' 23.80"" E",951.2
17,12,NA,NA,NA,NA,NA,NA,NA,NA,NA,NA,"20° 54' 33.32"" N","95° 14' 23.80"" E",951.2
17,13,3427,3,3.15,Aonetone,Litsea,glutinosa,4.7,11.9,1.3,7.6,"20° 54' 33.32"" N","95° 14' 23.80"" E",951.2
17,13,3428,3.5,2,Tawshauk,Glycosmis,pantaphylla,5.7,14.5,1.3,8,"20° 54' 33.32"" N","95° 14' 23.80"" E",951.2
17,14,3429,1.75,3.63,Naywel,Flacourtia,indica,7.45,18.9,1.3,10,"20° 54' 33.32"" N","95° 14' 23.80"" E",951.2
17,14,3430,0.7,4.3,Yone,Anogeissus,acuminate,4.57,11.6,1.3,9.5,"20° 54' 33.32"" N","95° 14' 23.80"" E",951.2
17,15,3432,1.75,3.5,Aonetone,Litsea,glutinosa,9.45,24,1.3,15,"20° 54' 33.32"" N","95° 14' 23.80"" E",951.2
17,15,3431,1.4,3.2,Sagadu,Treura,nudiflora,6.08,15.4,1.5,10.1,"20° 54' 33.32"" N","95° 14' 23.80"" E",951.2
17,16,3433,2.85,2.4,Phatsutt,Eriobortrya,bengalensis,4.4,11.2,1.3,10.3,"20° 54' 33.32"" N","95° 14' 23.80"" E",951.2
18,1,8746,1.8,3,Bonmelzar,Albizia,chinensis,6.85,17.4,1.3,14.5,"20° 54' 38.71"" N","95° 14' 26.70"" E",1002.92
18,1,8747,3,2.3,Daukya,Synplocos,racemosa,7.52,19.1,1.3,11.5,"20° 54' 38.71"" N","95° 14' 26.70"" E",1002.92
18,1,8748,2.85,0.6,Thadi,Protium,serratum,4.57,11.6,1.3,12.5,"20° 54' 38.71"" N","95° 14' 26.70"" E",1002.92
18,2,8749,2.1,0.9,Thadi,Protium,serratum,12.3,31.2,1.3,14.1,"20° 54' 38.71"" N","95° 14' 26.70"" E",1002.92
18,2,8750,3.1,4.6,Thayingyi,Croton,laevigatus,5.7,14.5,1.3,9.1,"20° 54' 38.71"" N","95° 14' 26.70"" E",1002.92
18,3,8751,0.85,0.25,Aonetone,Litsea,glutinosa,9.5,24.1,1.3,16,"20° 54' 38.71"" N","95° 14' 26.70"" E",1002.92
18,3,8752,1,1.6,Aonetone,Litsea,glutinosa,8.05,20.4,1.3,12.6,"20° 54' 38.71"" N","95° 14' 26.70"" E",1002.92
18,3,8754,2.6,2.3,Aonetone,Litsea,glutinosa,10.45,26.5,1.3,16,"20° 54' 38.71"" N","95° 14' 26.70"" E",1002.92
18,3,8755,4,1,Thayingyi,Croton,laevigatus,5.2,13.2,1.3,6.6,"20° 54' 38.71"" N","95° 14' 26.70"" E",1002.92
18,3,8756,4.35,1,Thayingyi,Croton,laevigatus,7.95,20.2,1.3,9,"20° 54' 38.71"" N","95° 14' 26.70"" E",1002.92
18,4,8758,3.5,4.5,Daukya,Synplocos,racemosa,14.2,36.1,1.3,16.5,"20° 54' 38.71"" N","95° 14' 26.70"" E",1002.92
18,4,8757,2.2,0.3,Thabyay,Pugenia,jambolana,6.55,16.6,1.3,12,"20° 54' 38.71"" N","95° 14' 26.70"" E",1002.92
18,5,8759,4,3.3,Phatsutt,Eriobortrya,bengalensis,12.2,31,1.3,17,"20° 54' 38.71"" N","95° 14' 26.70"" E",1002.92
18,5,8760,3.6,3,Phatsutt,Eriobortrya,bengalensis,7.75,19.7,1.3,11,"20° 54' 38.71"" N","95° 14' 26.70"" E",1002.92
18,6,8762,2,4.6,Aonetone,Litsea,glutinosa,9.8,24.9,1.3,15,"20° 54' 38.71"" N","95° 14' 26.70"" E",1002.92
18,6,8761,0.25,3,Thabyay,Pugenia,jambolana,8.05,20.4,1.3,9.6,"20° 54' 38.71"" N","95° 14' 26.70"" E",1002.92
18,7,NA,NA,NA,NA,NA,NA,NA,NA,NA,NA,"20° 54' 38.71"" N","95° 14' 26.70"" E",1002.92
18,8,8766,3,3.6,Kayamet,Pterospermum,diversifolium,6.7,17,1.3,14,"20° 54' 38.71"" N","95° 14' 26.70"" E",1002.92
18,8,8763,1.8,2,Sagadu,Treura,nudiflora,11,27.9,1.3,15,"20° 54' 38.71"" N","95° 14' 26.70"" E",1002.92
18,8,8765,2.9,4,Sagadu,Treura,nudiflora,9.85,25,1.3,15,"20° 54' 38.71"" N","95° 14' 26.70"" E",1002.92
18,8,8764,1.6,2.9,Tawthidin,Mallotus,philippinensis,6.9,17.5,1.3,13,"20° 54' 38.71"" N","95° 14' 26.70"" E",1002.92
18,9,8767,2.75,0.8,Sagadu,Treura,nudiflora,4.9,12.4,1.3,9,"20° 54' 38.71"" N","95° 14' 26.70"" E",1002.92
18,10,8768,1.6,4.2,Aonetone,Litsea,glutinosa,4.4,11.2,1.3,10,"20° 54' 38.71"" N","95° 14' 26.70"" E",1002.92
18,10,8769,2,4,Aonetone,Litsea,glutinosa,11.25,28.6,1.3,15,"20° 54' 38.71"" N","95° 14' 26.70"" E",1002.92
18,10,8770,3,3.2,Phatsutt,Eriobortrya,bengalensis,5.45,13.8,1.3,11,"20° 54' 38.71"" N","95° 14' 26.70"" E",1002.92
18,10,8771,3.65,1.9,Yone,Anogeissus,acuminate,7.7,19.6,1.3,14,"20° 54' 38.71"" N","95° 14' 26.70"" E",1002.92
18,11,8772,0.9,2.1,Daukya,Synplocos,racemosa,4.5,11.4,1.3,10,"20° 54' 38.71"" N","95° 14' 26.70"" E",1002.92
18,11,8773,4.75,3.15,Daukya,Synplocos,racemosa,5.13,13,1.3,11.1,"20° 54' 38.71"" N","95° 14' 26.70"" E",1002.92
18,11,8774,4.7,3.5,Daukya,Synplocos,racemosa,9.2,23.4,1.3,15,"20° 54' 38.71"" N","95° 14' 26.70"" E",1002.92
18,11,8775,3.5,1.9,Daukya,Synplocos,racemosa,6.6,16.8,1.3,15,"20° 54' 38.71"" N","95° 14' 26.70"" E",1002.92
18,12,8776,3.65,3.7,Kayamet,Pterospermum,diversifolium,7.7,19.6,1.3,16,"20° 54' 38.71"" N","95° 14' 26.70"" E",1002.92
18,13,8777,4,4,Sagadu,Treura,nudiflora,9.8,24.9,1.3,12.2,"20° 54' 38.71"" N","95° 14' 26.70"" E",1002.92
18,14,8779,3.4,0.2,Banbwe,Careya,arborea,6.25,15.9,1.3,11,"20° 54' 38.71"" N","95° 14' 26.70"" E",1002.92
18,14,8780,3.8,0.15,Sagadu,Treura,nudiflora,5.15,13.1,1.3,7,"20° 54' 38.71"" N","95° 14' 26.70"" E",1002.92
18,14,8778,2.2,4.75,Yone,Anogeissus,acuminate,5.75,14.6,1.3,9,"20° 54' 38.71"" N","95° 14' 26.70"" E",1002.92
18,15,8785,2.85,0.5,Daukya,Synplocos,racemosa,16.75,42.5,1.3,16.7,"20° 54' 38.71"" N","95° 14' 26.70"" E",1002.92
18,15,8784,4.2,1,Sagadu,Treura,nudiflora,4.2,10.7,1.3,11,"20° 54' 38.71"" N","95° 14' 26.70"" E",1002.92
18,15,8782,4,3.2,Thabyay,Pugenia,jambolana,10.1,25.7,1.3,15.6,"20° 54' 38.71"" N","95° 14' 26.70"" E",1002.92
18,15,8783,4.2,3,Thabyay,Pugenia,jambolana,8.4,21.3,1.3,14.5,"20° 54' 38.71"" N","95° 14' 26.70"" E",1002.92
18,15,8781,0.6,1.4,Thitsaint,Terminalia,bellirica,13.7,34.8,1.3,16.5,"20° 54' 38.71"" N","95° 14' 26.70"" E",1002.92
18,16,8786,0.25,4.45,Sagadu,Treura,nudiflora,6.23,15.8,1.5,8.9,"20° 54' 38.71"" N","95° 14' 26.70"" E",1002.92
19,1,8728,0.65,2,Phatsutt,Eriobortrya,bengalensis,15.8,40.1,1.3,23,"20° 54'41.82"" N","95° 14' 30.10"" E",1053.16
19,1,8730,1.1,2,Phatsutt,Eriobortrya,bengalensis,15.3,38.9,2.4,23,"20° 54'41.82"" N","95° 14' 30.10"" E",1053.16
19,1,8729,2,2.8,Phatsutt,Eriobortrya,bengalensis,11.35,28.8,2.4,24,"20° 54'41.82"" N","95° 14' 30.10"" E",1053.16
19,1,8731,2,2.85,Phatsutt,Eriobortrya,bengalensis,7.45,18.9,1.3,16,"20° 54'41.82"" N","95° 14' 30.10"" E",1053.16
19,2,NA,NA,NA,NA,NA,NA,NA,NA,NA,NA,"20° 54'41.82"" N","95° 14' 30.10"" E",1053.16
19,3,NA,NA,NA,NA,NA,NA,NA,NA,NA,NA,"20° 54'41.82"" N","95° 14' 30.10"" E",1053.16
19,4,8732,2.4,1.63,Sagadu,Treura,nudiflora,8,20.3,1.3,16,"20° 54'41.82"" N","95° 14' 30.10"" E",1053.16
19,5,NA,NA,NA,NA,NA,NA,NA,NA,NA,NA,"20° 54'41.82"" N","95° 14' 30.10"" E",1053.16
19,6,8733,4.75,2.3,Sagadu,Treura,nudiflora,6.7,17,1.3,6.2,"20° 54'41.82"" N","95° 14' 30.10"" E",1053.16
19,7,8734,4.5,1,Phatsutt,Eriobortrya,bengalensis,17.3,43.9,1.3,23,"20° 54'41.82"" N","95° 14' 30.10"" E",1053.16
19,8,8735,4.1,3,Sagadu,Treura,nudiflora,5.5,14,1.3,10,"20° 54'41.82"" N","95° 14' 30.10"" E",1053.16
19,9,NA,NA,NA,NA,NA,NA,NA,NA,NA,NA,"20° 54'41.82"" N","95° 14' 30.10"" E",1053.16
19,10,8736,4.6,0.85,Linlonn,Sapium,baccatum,17.3,43.9,1.3,24,"20° 54'41.82"" N","95° 14' 30.10"" E",1053.16
19,11,8737,2,2,Aonetone,Litsea,glutinosa,13,33,1.3,21,"20° 54'41.82"" N","95° 14' 30.10"" E",1053.16
19,12,8738,2.8,2.35,Chinyoke,Garuga,pinnata,4.5,11.4,1.3,8,"20° 54'41.82"" N","95° 14' 30.10"" E",1053.16
19,13,8740,3.4,3.3,Sagadu,Treura,nudiflora,9.5,24.1,1.3,12,"20° 54'41.82"" N","95° 14' 30.10"" E",1053.16
19,13,8739,3,3.4,Yone,Anogeissus,acuminate,6,15.2,1.5,8,"20° 54'41.82"" N","95° 14' 30.10"" E",1053.16
19,14,8741,3,4,Lathtokegyi,NA,NA,5.8,14.7,1.3,9,"20° 54'41.82"" N","95° 14' 30.10"" E",1053.16
19,14,8742,3.25,4.9,Linlonn,Sapium,baccatum,20,50.8,1.3,23,"20° 54'41.82"" N","95° 14' 30.10"" E",1053.16
19,15,8743,1.9,3.8,Aonetone,Litsea,glutinosa,11.9,30.2,1.3,18.9,"20° 54'41.82"" N","95° 14' 30.10"" E",1053.16
19,16,8744,1.8,4.25,Linlonn,Sapium,baccatum,22.5,57.2,1.3,21,"20° 54'41.82"" N","95° 14' 30.10"" E",1053.16
19,16,8745,3.85,1.55,Linlonn,Sapium,baccatum,24.35,61.8,1.3,22.3,"20° 54'41.82"" N","95° 14' 30.10"" E",1053.16
20,1,8597,0.7,0.3,Daukya,Synplocos,racemosa,5.43,13.8,1.3,10,"20° 54' 44.61"" N","95° 14' 33.85"" E",1086.23
20,1,8598,0.4,2.6,Daukya,Synplocos,racemosa,7.85,19.9,1.3,15,"20° 54' 44.61"" N","95° 14' 33.85"" E",1086.23
20,1,8599,1,2.5,Daukya,Synplocos,racemosa,9.28,23.6,1.3,10.3,"20° 54' 44.61"" N","95° 14' 33.85"" E",1086.23
20,2,8600,0.7,1.9,Thitsaint,Terminalia,bellirica,28.1,71.4,1.3,23,"20° 54' 44.61"" N","95° 14' 33.85"" E",1086.23
20,3,8701,4.75,1.9,Maniawwga,Rapanea,neriifolia,6.2,15.7,1.3,12,"20° 54' 44.61"" N","95° 14' 33.85"" E",1086.23
20,4,NA,NA,NA,NA,NA,NA,NA,NA,NA,NA,"20° 54' 44.61"" N","95° 14' 33.85"" E",1086.23
20,5,8703,3.5,4,Maniawwga,Rapanea,neriifolia,5.23,13.3,1.3,9,"20° 54' 44.61"" N","95° 14' 33.85"" E",1086.23
20,5,8704,4.3,2,Thabyay,Pugenia,jambolana,4.73,12,1.3,10,"20° 54' 44.61"" N","95° 14' 33.85"" E",1086.23
20,5,8705,4,1.85,Thintwelnyo,Diospyros,mollis,18.7,47.5,1.3,17.4,"20° 54' 44.61"" N","95° 14' 33.85"" E",1086.23
20,5,8702,0.4,3,Yone,Anogeissus,acuminate,4.52,11.5,1.3,8,"20° 54' 44.61"" N","95° 14' 33.85"" E",1086.23
20,6,NA,NA, NA,NA,NA,NA,NA,NA,NA,NA,"20° 54' 44.61"" N","95° 14' 33.85"" E",1086.23
20,7,8706,2.15,3.5,Thitsaint,Terminalia,bellirica,22.15,56.3,1.3,20,"20° 54' 44.61"" N","95° 14' 33.85"" E",1086.23
20,8,8707,4.35,0.55,Aonetone,Litsea,glutinosa,7.67,19.5,1.3,11.5,"20° 54' 44.61"" N","95° 14' 33.85"" E",1086.23
20,9,8708,1.6,8.2,Phatsutt,Eriobortrya,bengalensis,4.6,11.7,1.3,8.7,"20° 54' 44.61"" N","95° 14' 33.85"" E",1086.23
20,9,8709,4,1.1,Tawthayet,Mangifera,sylvatica,26.8,68.1,1.3,20,"20° 54' 44.61"" N","95° 14' 33.85"" E",1086.23
20,10,8711,3.25,2.5,Maniawwga,Rapanea,neriifolia,8.35,21.2,1.3,11.3,"20° 54' 44.61"" N","95° 14' 33.85"" E",1086.23
20,10,8710,1,2.7,Sagadu,Treura,nudiflora,5.4,13.7,1.3,14,"20° 54' 44.61"" N","95° 14' 33.85"" E",1086.23
20,11,8712,2.8,1.3,Thayingyi,Croton,laevigatus,4.3,10.9,1.3,7,"20° 54' 44.61"" N","95° 14' 33.85"" E",1086.23
20,11,9713,3.6,1,Thayingyi,Croton,laevigatus,4.56,11.6,1.3,5,"20° 54' 44.61"" N","95° 14' 33.85"" E",1086.23
20,12,8715,4,1.6,Phatsutkyi,NA,NA,5.85,14.9,1.3,11,"20° 54' 44.61"" N","95° 14' 33.85"" E",1086.23
20,12,8714,2.6,1.85,Unknown,NA,NA,5.78,14.7,1.5,10,"20° 54' 44.61"" N","95° 14' 33.85"" E",1086.23
20,13,8716,2,0.65,Maniawwga,Rapanea,neriifolia,9,22.9,0.3,7.8,"20° 54' 44.61"" N","95° 14' 33.85"" E",1086.23
20,13,8717,0.2,3.8,Sagadu,Treura,nudiflora,6.4,16.3,1.3,5.1,"20° 54' 44.61"" N","95° 14' 33.85"" E",1086.23
20,13,8718,4,2.5,Sagadu,Treura,nudiflora,8.94,22.7,1.3,7,"20° 54' 44.61"" N","95° 14' 33.85"" E",1086.23
20,13,8719,4,0.7,Thayingyi,Croton,laevigatus,7.1,18,1.3,8.1,"20° 54' 44.61"" N","95° 14' 33.85"" E",1086.23
20,14,8720,3.5,4.3,Daukya,Synplocos,racemosa,8.42,21.4,1.3,7,"20° 54' 44.61"" N","95° 14' 33.85"" E",1086.23
20,14,8722,4.25,2.15,Thadi,Protium,serratum,7.6,19.3,1.3,10,"20° 54' 44.61"" N","95° 14' 33.85"" E",1086.23
20,14,8721,2.9,2.3,Thayingyi,Croton,laevigatus,4.6,11.7,1.3,5.1,"20° 54' 44.61"" N","95° 14' 33.85"" E",1086.23
20,15,8723,4.3,1.95,Thayingyi,Croton,laevigatus,7.5,19.1,1.3,6,"20° 54' 44.61"" N","95° 14' 33.85"" E",1086.23
20,15,8724,4.2,1.8,Thayingyi,Croton,laevigatus,5.55,14.1,1.3,6,"20° 54' 44.61"" N","95° 14' 33.85"" E",1086.23
20,16,8725,0.8,2,Aonetone,Litsea,glutinosa,6.5,16.5,1.3,10.5,"20° 54' 44.61"" N","95° 14' 33.85"" E",1086.23
20,16,8726,4.2,4.6,Maniawwga,Rapanea,neriifolia,5.25,13.3,1.3,6.8,"20° 54' 44.61"" N","95° 14' 33.85"" E",1086.23
20,16,8727,4.2,4,Thitni,Wendlandia,tinctoria,4.15,10.5,1.3,5,"20° 54' 44.61"" N","95° 14' 33.85"" E",1086.23
